id,terrestrial_date,sol,ls,month,min_temp,pressure,day
2,2012-08-16,10,155,8,-75.0,739.0,16
13,2012-08-17,11,156,8,-76.0,740.0,17
24,2012-08-18,12,156,8,-76.0,741.0,18
35,2012-08-19,13,157,8,-74.0,732.0,19
46,2012-08-20,14,157,8,-74.0,740.0,20
57,2012-08-21,15,158,8,-78.0,740.0,21
68,2012-08-22,16,158,8,-77.0,740.0,22
79,2012-08-23,17,159,8,-76.0,742.0,23
112,2012-08-27,21,161,8,-74.0,741.0,27
114,2012-08-28,22,162,8,-74.0,742.0,28
123,2012-08-29,23,162,8,-75.0,741.0,29
134,2012-08-30,24,163,8,-75.0,742.0,30
145,2012-08-31,25,163,8,-75.0,743.0,31
156,2012-09-01,26,164,9,-76.0,745.0,1
163,2012-09-02,27,164,9,-75.0,743.0,2
170,2012-09-03,28,165,9,-75.0,745.0,3
171,2012-09-04,29,166,9,-75.0,747.0,4
172,2012-09-05,30,166,9,-74.0,747.0,5
173,2012-09-06,31,167,9,-74.0,745.0,6
175,2012-09-08,33,168,9,-73.0,748.0,8
176,2012-09-10,34,168,9,-73.0,748.0,10
177,2012-09-11,35,169,9,-73.0,749.0,11
178,2012-09-12,36,169,9,-73.0,750.0,12
179,2012-09-13,37,170,9,-73.0,750.0,13
180,2012-09-14,38,171,9,-73.0,750.0,14
181,2012-09-15,39,171,9,-75.0,751.0,15
182,2012-09-16,40,172,9,-75.0,753.0,16
183,2012-09-17,41,172,9,-75.0,753.0,17
184,2012-09-18,42,173,9,-75.0,754.0,18
185,2012-09-19,43,173,9,-74.0,756.0,19
186,2012-09-20,44,174,9,-75.0,757.0,20
187,2012-09-21,45,175,9,-74.0,758.0,21
188,2012-09-22,46,175,9,-74.0,758.0,22
189,2012-09-23,47,176,9,-75.0,758.0,23
190,2012-09-24,48,176,9,-75.0,759.0,24
191,2012-09-25,49,177,9,-74.0,761.0,25
192,2012-09-26,50,177,9,-72.0,761.0,26
193,2012-09-27,51,178,9,-76.0,762.0,27
194,2012-09-28,52,179,9,-74.0,762.0,28
195,2012-09-29,53,179,9,-71.0,764.0,29
196,2012-09-30,54,180,9,-72.0,766.0,30
197,2012-10-01,55,180,10,-74.0,766.0,1
198,2012-10-02,56,181,10,-73.0,768.0,2
199,2012-10-03,57,181,10,-73.0,769.0,3
200,2012-10-04,58,182,10,-74.0,769.0,4
201,2012-10-05,59,183,10,-76.0,771.0,5
202,2012-10-06,60,183,10,-75.0,772.0,6
203,2012-10-07,61,184,10,-72.0,772.0,7
204,2012-10-08,62,184,10,-72.0,774.0,8
205,2012-10-09,63,185,10,-73.0,775.0,9
206,2012-10-10,64,186,10,-74.0,776.0,10
207,2012-10-11,65,186,10,-72.0,777.0,11
208,2012-10-12,66,187,10,-73.0,778.0,12
209,2012-10-13,67,187,10,-73.0,780.0,13
210,2012-10-14,68,188,10,-71.0,781.0,14
211,2012-10-15,69,189,10,-73.0,778.0,15
212,2012-10-17,70,189,10,-72.0,783.0,17
213,2012-10-18,71,190,10,-71.0,784.0,18
214,2012-10-19,72,190,10,-73.0,785.0,19
215,2012-10-20,73,191,10,-70.0,788.0,20
216,2012-10-21,74,192,10,-72.0,790.0,21
217,2012-10-22,75,192,10,-73.0,791.0,22
218,2012-10-23,76,193,10,-73.0,792.0,23
219,2012-10-24,77,193,10,-71.0,792.0,24
220,2012-10-25,78,194,10,-71.0,793.0,25
221,2012-10-26,79,195,10,-73.0,795.0,26
222,2012-10-27,80,195,10,-70.0,796.0,27
223,2012-10-28,81,196,10,-72.0,798.0,28
224,2012-10-29,82,196,10,-72.0,799.0,29
225,2012-10-30,83,197,10,-72.0,801.0,30
226,2012-10-31,84,198,10,-70.0,801.0,31
227,2012-11-01,85,198,11,-71.0,805.0,1
228,2012-11-02,86,199,11,-71.0,808.0,2
229,2012-11-03,87,199,11,-70.0,808.0,3
230,2012-11-04,88,200,11,-70.0,811.0,4
231,2012-11-05,89,201,11,-73.0,813.0,5
233,2012-11-06,90,201,11,-71.0,813.0,6
234,2012-11-07,91,202,11,-74.0,817.0,7
235,2012-11-08,92,202,11,-74.0,820.0,8
236,2012-11-09,93,203,11,-72.0,819.0,9
237,2012-11-10,94,204,11,-70.0,822.0,10
238,2012-11-11,95,204,11,-68.0,822.0,11
239,2012-11-12,96,205,11,-71.0,826.0,12
240,2012-11-13,97,206,11,-68.0,828.0,13
241,2012-11-14,98,206,11,-68.0,828.0,14
242,2012-11-15,99,207,11,-68.0,829.0,15
3,2012-11-16,100,207,11,-66.0,829.0,16
4,2012-11-17,101,208,11,-65.0,830.0,17
5,2012-11-18,102,209,11,-67.0,833.0,18
6,2012-11-19,103,209,11,-66.0,836.0,19
7,2012-11-20,104,210,11,-67.0,838.0,20
8,2012-11-21,105,211,11,-66.0,839.0,21
9,2012-11-23,106,211,11,-66.0,841.0,23
10,2012-11-24,107,212,11,-66.0,844.0,24
11,2012-11-25,108,212,11,-65.0,845.0,25
12,2012-11-26,109,213,11,-64.0,844.0,26
14,2012-11-27,110,214,11,-65.0,848.0,27
15,2012-11-28,111,214,11,-66.0,849.0,28
16,2012-11-29,112,215,11,-65.0,852.0,29
17,2012-11-30,113,216,11,-66.0,857.0,30
18,2012-12-01,114,216,12,-69.0,857.0,1
19,2012-12-02,115,217,12,-66.0,857.0,2
20,2012-12-03,116,217,12,-67.0,859.0,3
21,2012-12-04,117,218,12,-66.0,861.0,4
22,2012-12-05,118,219,12,-65.0,864.0,5
23,2012-12-06,119,219,12,-66.0,866.0,6
25,2012-12-07,120,220,12,-67.0,867.0,7
26,2012-12-08,121,221,12,-66.0,869.0,8
27,2012-12-09,122,221,12,-65.0,869.0,9
28,2012-12-10,123,222,12,-66.0,875.0,10
29,2012-12-11,124,223,12,-66.0,876.0,11
30,2012-12-12,125,223,12,-68.0,880.0,12
31,2012-12-13,126,224,12,-66.0,880.0,13
32,2012-12-14,127,224,12,-67.0,884.0,14
33,2012-12-15,128,225,12,-67.0,883.0,15
34,2012-12-16,129,226,12,-65.0,886.0,16
36,2012-12-17,130,226,12,-65.0,888.0,17
37,2012-12-18,131,227,12,-65.0,889.0,18
38,2012-12-19,132,228,12,-65.0,890.0,19
39,2012-12-20,133,228,12,-65.0,891.0,20
40,2012-12-21,134,229,12,-67.0,893.0,21
41,2012-12-22,135,230,12,-65.0,894.0,22
42,2012-12-23,136,230,12,-65.0,897.0,23
43,2012-12-24,137,231,12,-64.0,896.0,24
44,2012-12-25,138,232,12,-65.0,899.0,25
45,2012-12-26,139,232,12,-66.0,899.0,26
47,2012-12-27,140,233,12,-66.0,903.0,27
48,2012-12-28,141,233,12,-64.0,904.0,28
49,2012-12-29,142,234,12,-65.0,906.0,29
50,2012-12-31,143,235,12,-63.0,908.0,31
51,2013-01-01,144,235,1,-64.0,907.0,1
52,2013-01-02,145,236,1,-64.0,909.0,2
53,2013-01-03,146,237,1,-65.0,908.0,3
54,2013-01-04,147,237,1,-65.0,914.0,4
55,2013-01-05,148,238,1,-65.0,912.0,5
56,2013-01-06,149,239,1,-65.0,914.0,6
58,2013-01-07,150,239,1,-64.0,913.0,7
59,2013-01-08,151,240,1,-65.0,915.0,8
60,2013-01-09,152,241,1,-63.0,914.0,9
61,2013-01-10,153,241,1,-65.0,915.0,10
62,2013-01-11,154,242,1,-65.0,917.0,11
63,2013-01-12,155,243,1,-64.0,917.0,12
64,2013-01-13,156,243,1,-65.0,922.0,13
65,2013-01-14,157,244,1,-64.0,920.0,14
66,2013-01-15,158,245,1,-66.0,922.0,15
67,2013-01-16,159,245,1,-65.0,918.0,16
69,2013-01-17,160,246,1,-67.0,919.0,17
70,2013-01-18,161,246,1,-65.0,919.0,18
71,2013-01-19,162,247,1,-65.0,919.0,19
72,2013-01-20,163,248,1,-65.0,919.0,20
73,2013-01-21,164,248,1,-64.0,919.0,21
74,2013-01-22,165,249,1,-65.0,922.0,22
75,2013-01-23,166,250,1,-65.0,922.0,23
76,2013-01-24,167,250,1,-65.0,920.0,24
77,2013-01-25,168,251,1,-66.0,923.0,25
78,2013-01-26,169,252,1,-66.0,922.0,26
80,2013-01-27,170,252,1,-66.0,925.0,27
81,2013-01-28,171,253,1,-67.0,925.0,28
82,2013-01-29,172,254,1,-67.0,923.0,29
83,2013-01-30,173,254,1,-67.0,920.0,30
84,2013-01-31,174,255,1,-67.0,921.0,31
85,2013-02-01,175,256,2,-68.0,921.0,1
86,2013-02-02,176,256,2,-67.0,920.0,2
87,2013-02-03,177,257,2,-66.0,921.0,3
88,2013-02-04,178,258,2,-66.0,920.0,4
89,2013-02-06,179,258,2,-66.0,920.0,6
91,2013-02-07,180,259,2,-67.0,919.0,7
92,2013-02-08,181,260,2,-67.0,918.0,8
93,2013-02-09,182,260,2,-67.0,921.0,9
94,2013-02-10,183,261,2,-67.0,921.0,10
95,2013-02-11,184,261,2,-67.0,923.0,11
96,2013-02-12,185,262,2,-67.0,923.0,12
97,2013-02-13,186,263,2,-66.0,922.0,13
98,2013-02-14,187,263,2,-67.0,921.0,14
99,2013-02-15,188,264,2,-68.0,920.0,15
100,2013-02-16,189,265,2,-68.0,920.0,16
102,2013-02-17,190,265,2,-66.0,917.0,17
103,2013-02-18,191,266,2,-67.0,921.0,18
106,2013-02-23,196,269,2,-66.0,916.0,23
107,2013-02-24,197,270,2,-68.0,915.0,24
108,2013-02-25,198,271,2,-67.0,914.0,25
109,2013-02-26,199,271,2,-66.0,917.0,26
116,2013-03-23,223,287,3,-71.0,895.0,23
117,2013-03-24,224,287,3,-69.0,894.0,24
118,2013-03-25,225,288,3,-71.0,894.0,25
119,2013-03-26,226,288,3,-70.0,894.0,26
120,2013-03-27,227,289,3,-70.0,892.0,27
121,2013-03-28,228,290,3,-71.0,894.0,28
122,2013-03-29,229,290,3,-69.0,894.0,29
124,2013-03-30,230,291,3,-69.0,888.0,30
125,2013-03-31,231,292,3,-71.0,890.0,31
126,2013-04-01,232,292,4,-69.0,888.0,1
127,2013-04-02,233,293,4,-69.0,889.0,2
128,2013-04-03,234,293,4,-69.0,890.0,3
129,2013-04-04,235,294,4,-70.0,886.0,4
130,2013-04-05,236,295,4,-72.0,886.0,5
131,2013-04-06,237,295,4,-71.0,883.0,6
132,2013-04-07,238,296,4,-70.0,885.0,7
133,2013-04-08,239,297,4,-73.0,885.0,8
135,2013-04-09,240,297,4,-70.0,884.0,9
136,2013-04-10,241,298,4,-72.0,884.0,10
137,2013-04-11,242,298,4,-70.0,881.0,11
138,2013-04-12,243,299,4,-71.0,884.0,12
139,2013-04-13,244,300,4,-69.0,878.0,13
140,2013-04-14,245,300,4,-70.0,879.0,14
141,2013-04-15,246,301,4,-73.0,878.0,15
142,2013-04-16,247,301,4,-71.0,873.0,16
143,2013-04-17,248,302,4,-70.0,877.0,17
144,2013-04-18,249,303,4,-69.0,873.0,18
146,2013-04-19,250,303,4,-70.0,877.0,19
147,2013-04-20,251,304,4,-71.0,876.0,20
148,2013-04-22,252,304,4,-71.0,874.0,22
149,2013-04-23,253,305,4,-71.0,877.0,23
150,2013-04-24,254,306,4,-70.0,871.0,24
151,2013-04-25,255,306,4,-69.0,877.0,25
152,2013-04-26,256,307,4,-70.0,871.0,26
153,2013-04-27,257,308,4,-70.0,871.0,27
154,2013-04-28,258,308,4,-71.0,869.0,28
155,2013-04-29,259,309,4,-72.0,871.0,29
157,2013-04-30,260,309,4,-70.0,875.0,30
158,2013-05-01,261,310,5,-70.0,868.0,1
161,2013-05-08,268,314,5,-70.0,864.0,8
162,2013-05-09,269,315,5,-72.0,866.0,9
164,2013-05-10,270,315,5,-67.0,863.0,10
165,2013-05-11,271,316,5,-69.0,864.0,11
166,2013-05-12,272,316,5,-71.0,864.0,12
167,2013-05-13,273,317,5,-70.0,861.0,13
168,2013-05-14,274,318,5,-70.0,861.0,14
169,2013-05-15,275,318,5,-67.0,860.0,15
244,2013-05-16,276,319,5,-69.0,858.0,16
245,2013-05-17,277,319,5,-69.0,857.0,17
246,2013-05-18,278,320,5,-67.0,855.0,18
247,2013-05-19,279,321,5,-68.0,856.0,19
248,2013-05-20,280,321,5,-69.0,856.0,20
249,2013-05-21,281,322,5,-68.0,855.0,21
250,2013-05-22,282,322,5,-72.0,856.0,22
251,2013-05-23,283,323,5,-68.0,854.0,23
252,2013-05-24,284,323,5,-71.0,854.0,24
253,2013-05-25,285,324,5,-70.0,852.0,25
254,2013-05-26,286,325,5,-71.0,854.0,26
255,2013-05-27,287,325,5,-72.0,856.0,27
256,2013-05-29,288,326,5,-69.0,854.0,29
257,2013-05-30,289,326,5,-71.0,854.0,30
258,2013-05-31,290,327,5,-71.0,853.0,31
259,2013-06-01,291,327,6,-70.0,853.0,1
260,2013-06-02,292,328,6,-71.0,853.0,2
261,2013-06-03,293,329,6,-72.0,850.0,3
262,2013-06-04,294,329,6,-72.0,852.0,4
263,2013-06-05,295,330,6,-71.0,853.0,5
264,2013-06-06,296,330,6,-71.0,850.0,6
265,2013-06-07,297,331,6,-72.0,849.0,7
266,2013-06-08,298,331,6,-72.0,850.0,8
267,2013-06-09,299,332,6,-71.0,849.0,9
286,2013-06-10,300,333,6,-72.0,852.0,10
276,2013-06-11,301,333,6,-73.0,852.0,11
287,2013-06-12,302,334,6,-71.0,850.0,12
283,2013-06-13,303,334,6,-71.0,849.0,13
281,2013-06-14,304,335,6,-70.0,848.0,14
275,2013-06-15,305,335,6,-71.0,847.0,15
280,2013-06-16,306,336,6,-71.0,848.0,16
279,2013-06-17,307,336,6,-72.0,851.0,17
282,2013-06-18,308,337,6,-73.0,850.0,18
284,2013-06-19,309,338,6,-72.0,848.0,19
278,2013-06-20,310,338,6,-71.0,849.0,20
277,2013-06-21,311,339,6,-74.0,846.0,21
285,2013-06-22,312,339,6,-71.0,845.0,22
274,2013-06-23,313,340,6,-77.0,849.0,23
272,2013-06-24,314,340,6,-73.0,848.0,24
273,2013-06-25,315,341,6,-74.0,850.0,25
288,2013-06-26,316,341,6,-74.0,851.0,26
268,2013-06-27,317,342,6,-72.0,849.0,27
270,2013-06-28,318,342,6,-74.0,849.0,28
271,2013-06-29,319,343,6,-73.0,847.0,29
269,2013-06-30,320,344,6,-74.0,846.0,30
289,2013-07-01,321,344,7,-75.0,847.0,1
291,2013-07-02,322,345,7,-74.0,849.0,2
290,2013-07-03,323,345,7,-74.0,847.0,3
292,2013-07-04,324,346,7,-75.0,850.0,4
294,2013-07-06,325,346,7,-74.0,847.0,6
295,2013-07-07,326,347,7,-72.0,848.0,7
296,2013-07-08,327,347,7,-74.0,848.0,8
293,2013-07-09,328,348,7,-75.0,847.0,9
298,2013-07-10,329,348,7,-74.0,847.0,10
297,2013-07-11,330,349,7,-75.0,848.0,11
303,2013-07-12,331,349,7,-74.0,848.0,12
300,2013-07-13,332,350,7,-76.0,849.0,13
299,2013-07-14,333,350,7,-75.0,849.0,14
301,2013-07-15,334,351,7,-74.0,852.0,15
302,2013-07-16,335,352,7,-76.0,852.0,16
305,2013-07-17,336,352,7,-76.0,852.0,17
304,2013-07-18,337,353,7,-75.0,853.0,18
306,2013-07-19,338,353,7,-78.0,848.0,19
308,2013-07-20,339,354,7,-76.0,849.0,20
307,2013-07-21,340,354,7,-76.0,851.0,21
310,2013-07-22,341,355,7,-77.0,852.0,22
309,2013-07-23,342,355,7,-76.0,851.0,23
311,2013-07-24,343,356,7,-77.0,850.0,24
317,2013-07-25,344,356,7,-77.0,851.0,25
312,2013-07-26,345,357,7,-77.0,853.0,26
314,2013-07-27,346,357,7,-76.0,853.0,27
313,2013-07-28,347,358,7,-77.0,851.0,28
315,2013-07-29,348,358,7,-74.0,850.0,29
316,2013-07-30,349,359,7,-75.0,852.0,30
318,2013-07-31,350,359,7,-76.0,853.0,31
320,2013-08-01,351,0,8,-75.0,853.0,1
319,2013-08-02,352,0,8,-77.0,854.0,2
323,2013-08-03,353,1,8,-75.0,855.0,3
322,2013-08-04,354,1,8,-75.0,857.0,4
321,2013-08-05,355,2,8,-75.0,857.0,5
324,2013-08-06,356,2,8,-77.0,856.0,6
325,2013-08-07,357,3,8,-76.0,857.0,7
326,2013-08-17,366,7,8,-76.0,861.0,17
328,2013-08-18,367,8,8,-76.0,862.0,18
330,2013-08-19,368,8,8,-77.0,863.0,19
331,2013-08-20,369,9,8,-75.0,865.0,20
332,2013-08-21,370,9,8,-79.0,865.0,21
333,2013-08-22,371,10,8,-77.0,865.0,22
334,2013-08-23,372,10,8,-76.0,866.0,23
335,2013-08-24,373,11,8,-79.0,866.0,24
337,2013-08-25,374,11,8,-79.0,866.0,25
336,2013-08-26,375,12,8,-77.0,867.0,26
340,2013-08-27,376,12,8,-78.0,870.0,27
338,2013-08-28,377,13,8,-78.0,870.0,28
339,2013-08-29,378,13,8,-78.0,869.0,29
341,2013-08-30,379,14,8,-79.0,870.0,30
343,2013-08-31,380,14,8,-79.0,870.0,31
345,2013-09-01,381,15,9,-79.0,871.0,1
344,2013-09-02,382,15,9,-76.0,872.0,2
342,2013-09-03,383,16,9,-77.0,874.0,3
346,2013-09-04,384,16,9,-77.0,875.0,4
351,2013-09-05,385,17,9,-78.0,874.0,5
347,2013-09-06,386,17,9,-77.0,873.0,6
349,2013-09-07,387,18,9,-78.0,874.0,7
350,2013-09-08,388,18,9,-79.0,875.0,8
348,2013-09-09,389,19,9,-79.0,875.0,9
352,2013-09-10,390,19,9,-78.0,875.0,10
353,2013-09-11,391,20,9,-78.0,875.0,11
354,2013-09-12,392,20,9,-77.0,876.0,12
355,2013-09-13,393,21,9,-76.0,877.0,13
356,2013-09-14,394,21,9,-79.0,878.0,14
357,2013-09-15,395,22,9,-77.0,878.0,15
358,2013-09-16,396,22,9,-78.0,879.0,16
359,2013-09-18,397,23,9,-75.0,880.0,18
360,2013-09-19,398,23,9,-79.0,880.0,19
361,2013-09-20,399,24,9,-79.0,881.0,20
363,2013-09-21,400,24,9,-79.0,881.0,21
362,2013-09-22,401,25,9,-79.0,882.0,22
365,2013-09-23,402,25,9,-78.0,883.0,23
364,2013-09-24,403,25,9,-80.0,883.0,24
367,2013-09-25,404,26,9,-78.0,884.0,25
366,2013-09-26,405,26,9,-82.0,885.0,26
374,2013-09-27,406,27,9,-81.0,886.0,27
370,2013-09-28,407,27,9,-81.0,887.0,28
369,2013-09-29,408,28,9,-80.0,887.0,29
368,2013-09-30,409,28,9,-81.0,887.0,30
373,2013-10-01,410,29,10,-81.0,888.0,1
372,2013-10-02,411,29,10,-82.0,887.0,2
371,2013-10-03,412,30,10,-80.0,888.0,3
376,2013-10-04,413,30,10,-82.0,888.0,4
375,2013-10-05,414,31,10,-79.0,889.0,5
377,2013-10-06,415,31,10,-82.0,890.0,6
378,2013-10-07,416,32,10,-79.0,889.0,7
379,2013-10-08,417,32,10,-82.0,890.0,8
380,2013-10-09,418,33,10,-79.0,891.0,9
381,2013-10-10,419,33,10,-82.0,891.0,10
385,2013-10-11,420,33,10,-80.0,892.0,11
382,2013-10-12,421,34,10,-81.0,890.0,12
384,2013-10-13,422,34,10,-82.0,891.0,13
383,2013-10-14,423,35,10,-81.0,892.0,14
386,2013-10-15,424,35,10,-81.0,893.0,15
393,2013-10-16,425,36,10,-81.0,893.0,16
388,2013-10-17,426,36,10,-79.0,893.0,17
392,2013-10-18,427,37,10,-81.0,893.0,18
391,2013-10-19,428,37,10,-81.0,894.0,19
387,2013-10-20,429,38,10,-82.0,895.0,20
390,2013-10-21,430,38,10,-82.0,896.0,21
389,2013-10-22,431,39,10,-83.0,895.0,22
395,2013-10-23,432,39,10,-80.0,896.0,23
394,2013-10-24,433,40,10,-81.0,895.0,24
397,2013-10-26,434,40,10,-80.0,896.0,26
396,2013-10-27,435,40,10,-81.0,896.0,27
398,2013-10-28,436,41,10,-81.0,897.0,28
399,2013-10-29,437,41,10,-82.0,898.0,29
400,2013-10-30,438,42,10,-79.0,899.0,30
401,2013-10-31,439,42,10,-80.0,899.0,31
404,2013-11-01,440,43,11,-80.0,899.0,1
402,2013-11-02,441,43,11,-81.0,900.0,2
405,2013-11-03,442,44,11,-80.0,900.0,3
403,2013-11-04,443,44,11,-81.0,901.0,4
407,2013-11-16,455,50,11,-84.0,905.0,16
406,2013-11-17,456,50,11,-83.0,905.0,17
409,2013-11-24,463,53,11,-86.0,906.0,24
410,2013-11-25,464,54,11,-84.0,906.0,25
412,2013-11-26,465,54,11,-85.0,906.0,26
415,2013-11-27,466,55,11,-85.0,907.0,27
411,2013-11-28,467,55,11,-84.0,907.0,28
414,2013-11-29,468,55,11,-85.0,907.0,29
413,2013-11-30,469,56,11,-85.0,908.0,30
475,2013-12-02,470,56,12,-85.0,907.0,2
479,2013-12-03,471,57,12,-84.0,906.0,3
416,2013-12-04,472,57,12,-84.0,907.0,4
417,2013-12-05,473,58,12,-86.0,907.0,5
420,2013-12-06,474,58,12,-84.0,906.0,6
419,2013-12-07,475,59,12,-85.0,906.0,7
418,2013-12-08,476,59,12,-85.0,906.0,8
421,2013-12-09,477,60,12,-85.0,907.0,9
422,2013-12-18,486,64,12,-84.0,904.0,18
473,2013-12-19,487,64,12,-85.0,904.0,19
480,2013-12-20,488,64,12,-87.0,903.0,20
423,2013-12-21,489,65,12,-85.0,904.0,21
434,2013-12-22,490,65,12,-87.0,903.0,22
433,2013-12-23,491,66,12,-86.0,903.0,23
427,2013-12-24,492,66,12,-86.0,903.0,24
426,2013-12-25,493,67,12,-84.0,902.0,25
429,2013-12-26,494,67,12,-85.0,902.0,26
431,2013-12-27,495,68,12,-86.0,900.0,27
428,2013-12-28,496,68,12,-85.0,901.0,28
425,2013-12-29,497,69,12,-86.0,901.0,29
424,2013-12-30,498,69,12,-86.0,901.0,30
432,2013-12-31,499,69,12,-84.0,899.0,31
430,2014-01-01,500,70,1,-85.0,897.0,1
435,2014-01-02,501,70,1,-86.0,898.0,2
437,2014-01-03,502,71,1,-87.0,898.0,3
483,2014-01-04,503,71,1,-86.0,897.0,4
436,2014-01-05,504,72,1,-85.0,895.0,5
438,2014-01-06,505,72,1,-85.0,895.0,6
439,2014-01-08,506,73,1,-86.0,894.0,8
440,2014-01-09,507,73,1,-85.0,894.0,9
442,2014-01-10,508,73,1,-83.0,893.0,10
443,2014-01-11,509,74,1,-86.0,895.0,11
441,2014-01-12,510,74,1,-85.0,892.0,12
446,2014-01-13,511,75,1,-85.0,892.0,13
444,2014-01-14,512,75,1,-86.0,890.0,14
445,2014-01-15,513,76,1,-86.0,889.0,15
447,2014-01-16,514,76,1,-86.0,888.0,16
450,2014-01-17,515,77,1,-86.0,888.0,17
449,2014-01-18,516,77,1,-86.0,888.0,18
448,2014-01-19,517,77,1,-86.0,885.0,19
451,2014-01-20,518,78,1,-85.0,885.0,20
452,2014-01-21,519,78,1,-86.0,884.0,21
453,2014-01-22,520,79,1,-86.0,884.0,22
454,2014-01-23,521,79,1,-87.0,882.0,23
455,2014-01-24,522,80,1,-85.0,881.0,24
458,2014-01-25,523,80,1,-85.0,881.0,25
457,2014-01-26,524,81,1,-85.0,880.0,26
456,2014-01-27,525,81,1,-87.0,878.0,27
459,2014-01-28,526,82,1,-87.0,878.0,28
460,2014-01-29,527,82,1,-86.0,877.0,29
461,2014-01-30,528,82,1,-86.0,876.0,30
462,2014-01-31,529,83,1,-87.0,875.0,31
463,2014-02-01,530,83,2,-87.0,873.0,1
465,2014-02-02,531,84,2,-87.0,872.0,2
464,2014-02-03,532,84,2,-88.0,872.0,3
466,2014-02-04,533,85,2,-87.0,871.0,4
467,2014-02-05,534,85,2,-86.0,869.0,5
468,2014-02-06,535,86,2,-88.0,868.0,6
470,2014-02-07,536,86,2,-83.0,867.0,7
469,2014-02-08,537,86,2,-83.0,865.0,8
472,2014-02-09,538,87,2,-85.0,865.0,9
476,2014-02-10,539,87,2,-85.0,864.0,10
481,2014-02-11,540,88,2,-84.0,862.0,11
482,2014-02-12,541,88,2,-84.0,861.0,12
477,2014-02-13,542,89,2,-85.0,859.0,13
486,2014-02-15,543,89,2,-84.0,858.0,15
487,2014-02-16,544,90,2,-86.0,857.0,16
490,2014-02-17,545,90,2,-85.0,856.0,17
489,2014-02-18,546,91,2,-85.0,855.0,18
488,2014-02-19,547,91,2,-85.0,853.0,19
491,2014-02-20,548,91,2,-86.0,852.0,20
492,2014-02-21,549,92,2,-87.0,851.0,21
494,2014-02-22,550,92,2,-85.0,850.0,22
495,2014-02-23,551,93,2,-85.0,848.0,23
493,2014-02-24,552,93,2,-86.0,847.0,24
496,2014-02-25,553,94,2,-84.0,845.0,25
497,2014-02-26,554,94,2,-84.0,843.0,26
499,2014-02-27,555,95,2,-85.0,843.0,27
501,2014-02-28,556,95,2,-85.0,842.0,28
498,2014-03-01,557,96,3,-85.0,840.0,1
500,2014-03-02,558,96,3,-85.0,839.0,2
502,2014-03-03,559,96,3,-85.0,838.0,3
503,2014-03-04,560,97,3,-86.0,836.0,4
504,2014-03-05,561,97,3,-85.0,835.0,5
506,2014-03-06,562,98,3,-85.0,834.0,6
505,2014-03-07,563,98,3,-87.0,833.0,7
509,2014-03-08,564,99,3,-86.0,831.0,8
508,2014-03-09,565,99,3,-85.0,830.0,9
507,2014-03-10,566,100,3,-86.0,829.0,10
510,2014-03-11,567,100,3,-86.0,827.0,11
511,2014-03-12,568,101,3,-86.0,825.0,12
512,2014-03-13,569,101,3,-85.0,825.0,13
513,2014-03-14,570,102,3,-84.0,823.0,14
515,2014-03-15,571,102,3,-84.0,821.0,15
514,2014-03-16,572,102,3,-85.0,820.0,16
516,2014-03-17,573,103,3,-84.0,819.0,17
517,2014-03-18,574,103,3,-85.0,817.0,18
518,2014-03-19,575,104,3,-82.0,816.0,19
520,2014-03-20,576,104,3,-84.0,815.0,20
519,2014-03-21,577,105,3,-84.0,813.0,21
521,2014-03-22,578,105,3,-83.0,812.0,22
522,2014-03-24,579,106,3,-82.0,811.0,24
523,2014-03-25,580,106,3,-83.0,810.0,25
524,2014-03-26,581,107,3,-84.0,808.0,26
525,2014-03-27,582,107,3,-84.0,807.0,27
526,2014-03-28,583,108,3,-82.0,806.0,28
528,2014-03-29,584,108,3,-82.0,804.0,29
527,2014-03-30,585,109,3,-83.0,802.0,30
529,2014-03-31,586,109,3,-82.0,802.0,31
530,2014-04-01,587,109,4,-85.0,801.0,1
532,2014-04-02,588,110,4,-84.0,799.0,2
531,2014-04-03,589,110,4,-85.0,798.0,3
535,2014-04-04,590,111,4,-82.0,797.0,4
533,2014-04-05,591,111,4,-82.0,795.0,5
534,2014-04-06,592,112,4,-83.0,795.0,6
536,2014-04-07,593,112,4,-83.0,795.0,7
537,2014-04-08,594,113,4,-83.0,793.0,8
538,2014-04-09,595,113,4,-83.0,792.0,9
539,2014-04-10,596,114,4,-82.0,791.0,10
540,2014-04-11,597,114,4,-84.0,790.0,11
542,2014-04-12,598,115,4,-84.0,787.0,12
543,2014-04-13,599,115,4,-84.0,788.0,13
541,2014-04-14,600,116,4,-81.0,787.0,14
544,2014-04-15,601,116,4,-82.0,785.0,15
545,2014-04-16,602,117,4,-82.0,784.0,16
548,2014-04-17,603,117,4,-83.0,783.0,17
546,2014-04-18,604,118,4,-84.0,782.0,18
547,2014-04-19,605,118,4,-83.0,781.0,19
549,2014-04-20,606,118,4,-84.0,780.0,20
550,2014-04-21,607,119,4,-83.0,779.0,21
551,2014-04-22,608,119,4,-85.0,777.0,22
552,2014-04-23,609,120,4,-84.0,777.0,23
554,2014-04-24,610,120,4,-85.0,776.0,24
555,2014-04-25,611,121,4,-84.0,775.0,25
553,2014-04-26,612,121,4,-85.0,774.0,26
556,2014-04-27,613,122,4,-84.0,773.0,27
557,2014-04-28,614,122,4,-82.0,772.0,28
558,2014-04-29,615,123,4,-83.0,771.0,29
559,2014-05-01,616,123,5,-82.0,769.0,1
561,2014-05-02,617,124,5,-84.0,769.0,2
562,2014-05-03,618,124,5,-83.0,769.0,3
560,2014-05-04,619,125,5,-82.0,766.0,4
563,2014-05-05,620,125,5,-83.0,765.0,5
564,2014-05-06,621,126,5,-82.0,765.0,6
565,2014-05-07,622,126,5,-84.0,763.0,7
566,2014-05-08,623,127,5,-83.0,763.0,8
568,2014-05-09,624,127,5,-82.0,762.0,9
569,2014-05-10,625,128,5,-81.0,761.0,10
567,2014-05-11,626,128,5,-82.0,760.0,11
570,2014-05-12,627,129,5,-82.0,759.0,12
571,2014-05-13,628,129,5,-81.0,759.0,13
572,2014-05-14,629,130,5,-84.0,759.0,14
573,2014-05-15,630,130,5,-82.0,757.0,15
576,2014-05-16,631,131,5,-81.0,756.0,16
575,2014-05-17,632,131,5,-79.0,755.0,17
574,2014-05-18,633,132,5,-81.0,754.0,18
577,2014-05-19,634,132,5,-82.0,753.0,19
578,2014-05-20,635,133,5,-82.0,754.0,20
582,2014-05-21,636,133,5,-81.0,752.0,21
580,2014-05-22,637,134,5,-80.0,752.0,22
579,2014-05-23,638,134,5,-80.0,751.0,23
581,2014-05-24,639,135,5,-80.0,750.0,24
583,2014-05-25,640,135,5,-81.0,750.0,25
584,2014-05-26,641,136,5,-81.0,749.0,26
585,2014-05-27,642,136,5,-80.0,749.0,27
586,2014-05-28,643,137,5,-80.0,748.0,28
588,2014-05-29,644,137,5,-80.0,748.0,29
589,2014-05-30,645,138,5,-81.0,746.0,30
587,2014-05-31,646,138,5,-81.0,746.0,31
590,2014-06-01,647,139,6,-79.0,746.0,1
591,2014-06-02,648,139,6,-80.0,746.0,2
592,2014-06-03,649,140,6,-79.0,745.0,3
593,2014-06-04,650,140,6,-80.0,743.0,4
595,2014-06-05,651,141,6,-80.0,743.0,5
594,2014-06-07,652,141,6,-79.0,745.0,7
596,2014-06-08,653,142,6,-80.0,744.0,8
597,2014-06-09,654,142,6,-79.0,742.0,9
598,2014-06-10,655,143,6,-77.0,741.0,10
599,2014-06-11,656,143,6,-80.0,740.0,11
600,2014-06-12,657,144,6,-79.0,739.0,12
602,2014-06-13,658,144,6,-79.0,739.0,13
603,2014-06-14,659,145,6,-77.0,738.0,14
601,2014-06-15,660,145,6,-78.0,735.0,15
604,2014-06-16,661,146,6,-76.0,735.0,16
605,2014-06-17,662,146,6,-77.0,735.0,17
609,2014-06-18,663,147,6,-77.0,734.0,18
607,2014-06-19,664,147,6,-78.0,732.0,19
610,2014-06-20,665,148,6,-78.0,735.0,20
608,2014-06-21,666,148,6,-77.0,736.0,21
606,2014-06-22,667,149,6,-76.0,736.0,22
611,2014-06-23,668,150,6,-75.0,734.0,23
613,2014-06-24,669,150,6,-84.0,735.0,24
612,2014-06-25,670,151,6,-79.0,737.0,25
614,2014-06-26,671,151,6,-79.0,740.0,26
615,2014-06-27,672,152,6,-78.0,739.0,27
616,2014-06-28,673,152,6,-78.0,738.0,28
617,2014-06-29,674,153,6,-80.0,739.0,29
618,2014-06-30,675,153,6,-80.0,740.0,30
619,2014-07-01,676,154,7,-80.0,738.0,1
622,2014-07-02,677,154,7,-78.0,737.0,2
621,2014-07-03,678,155,7,-77.0,739.0,3
624,2014-07-04,679,155,7,-77.0,738.0,4
620,2014-07-05,680,156,7,-76.0,740.0,5
623,2014-07-06,681,156,7,-79.0,738.0,6
625,2014-07-07,682,157,7,-77.0,739.0,7
626,2014-07-08,683,158,7,-79.0,741.0,8
627,2014-07-09,684,158,7,-75.0,741.0,9
628,2014-07-10,685,159,7,-77.0,740.0,10
629,2014-07-11,686,159,7,-76.0,738.0,11
630,2014-07-12,687,160,7,-77.0,739.0,12
631,2014-07-14,688,160,7,-77.0,741.0,14
632,2014-07-15,689,161,7,-76.0,742.0,15
633,2014-07-16,690,161,7,-77.0,741.0,16
634,2014-07-17,691,162,7,-76.0,741.0,17
637,2014-07-18,692,162,7,-76.0,742.0,18
636,2014-07-19,693,163,7,-76.0,741.0,19
635,2014-07-20,694,164,7,-75.0,740.0,20
638,2014-07-21,695,164,7,-76.0,741.0,21
639,2014-07-22,696,165,7,-75.0,743.0,22
640,2014-07-23,697,165,7,-74.0,743.0,23
641,2014-07-24,698,166,7,-77.0,743.0,24
642,2014-07-25,699,166,7,-76.0,744.0,25
643,2014-07-26,700,167,7,-75.0,745.0,26
644,2014-07-27,701,167,7,-77.0,745.0,27
645,2014-07-28,702,168,7,-76.0,745.0,28
646,2014-07-29,703,169,7,-75.0,747.0,29
647,2014-07-30,704,169,7,-75.0,747.0,30
648,2014-07-31,705,170,7,-76.0,746.0,31
650,2014-08-01,706,170,8,-76.0,748.0,1
651,2014-08-02,707,171,8,-76.0,749.0,2
649,2014-08-03,708,171,8,-76.0,749.0,3
652,2014-08-04,709,172,8,-73.0,750.0,4
653,2014-08-05,710,172,8,-77.0,751.0,5
654,2014-08-06,711,173,8,-75.0,751.0,6
658,2014-08-07,712,174,8,-77.0,752.0,7
656,2014-08-08,713,174,8,-76.0,754.0,8
655,2014-08-09,714,175,8,-76.0,754.0,9
657,2014-08-10,715,175,8,-73.0,755.0,10
659,2014-08-11,716,176,8,-75.0,755.0,11
661,2014-08-12,717,176,8,-76.0,756.0,12
660,2014-08-13,718,177,8,-77.0,757.0,13
662,2014-08-14,719,178,8,-77.0,758.0,14
663,2014-08-15,720,178,8,-74.0,760.0,15
664,2014-08-16,721,179,8,-73.0,761.0,16
665,2014-08-17,722,179,8,-74.0,760.0,17
666,2014-08-18,723,180,8,-73.0,761.0,18
667,2014-08-19,724,181,8,-74.0,763.0,19
669,2014-08-21,725,181,8,-73.0,764.0,21
668,2014-08-22,726,182,8,-75.0,766.0,22
671,2014-08-23,727,182,8,-76.0,766.0,23
670,2014-08-24,728,183,8,-74.0,766.0,24
672,2014-08-25,729,183,8,-75.0,768.0,25
676,2014-08-26,730,184,8,-76.0,770.0,26
673,2014-08-27,731,185,8,-75.0,771.0,27
677,2014-08-28,732,185,8,-75.0,773.0,28
674,2014-08-29,733,186,8,-74.0,773.0,29
675,2014-08-30,734,186,8,-73.0,776.0,30
678,2014-08-31,735,187,8,-73.0,776.0,31
679,2014-09-01,736,188,9,-76.0,776.0,1
680,2014-09-02,737,188,9,-74.0,777.0,2
681,2014-09-03,738,189,9,-75.0,778.0,3
682,2014-09-04,739,189,9,-77.0,779.0,4
685,2014-09-05,740,190,9,-76.0,782.0,5
683,2014-09-06,741,191,9,-70.0,784.0,6
684,2014-09-07,742,191,9,-72.0,784.0,7
686,2014-09-08,743,192,9,-72.0,786.0,8
687,2014-09-09,744,192,9,-75.0,786.0,9
689,2014-09-10,745,193,9,-74.0,787.0,10
688,2014-09-11,746,194,9,-76.0,788.0,11
691,2014-09-12,747,194,9,-73.0,789.0,12
690,2014-09-13,748,195,9,-71.0,791.0,13
692,2014-09-14,749,195,9,-73.0,794.0,14
693,2014-09-15,750,196,9,-72.0,796.0,15
695,2014-09-16,751,197,9,-72.0,797.0,16
694,2014-09-17,752,197,9,-71.0,798.0,17
698,2014-09-18,753,198,9,-73.0,800.0,18
696,2014-09-19,754,198,9,-73.0,802.0,19
697,2014-09-20,755,199,9,-74.0,806.0,20
699,2014-09-21,756,200,9,-73.0,806.0,21
700,2014-09-22,757,200,9,-73.0,807.0,22
701,2014-09-23,758,201,9,-71.0,810.0,23
702,2014-09-24,759,201,9,-77.0,809.0,24
704,2014-09-25,760,202,9,-70.0,810.0,25
705,2014-09-27,761,203,9,-72.0,814.0,27
703,2014-09-28,762,203,9,-75.0,814.0,28
706,2014-09-29,763,204,9,-78.0,817.0,29
707,2014-09-30,764,205,9,-73.0,821.0,30
708,2014-10-01,765,205,10,-73.0,820.0,1
709,2014-10-02,766,206,10,-70.0,824.0,2
710,2014-10-03,767,206,10,-71.0,824.0,3
712,2014-10-04,768,207,10,-73.0,826.0,4
711,2014-10-05,769,208,10,-73.0,829.0,5
713,2014-10-06,770,208,10,-70.0,829.0,6
714,2014-10-07,771,209,10,-71.0,836.0,7
715,2014-10-08,772,210,10,-71.0,835.0,8
716,2014-10-09,773,210,10,-70.0,838.0,9
719,2014-10-10,774,211,10,-73.0,838.0,10
717,2014-10-11,775,211,10,-71.0,838.0,11
718,2014-10-12,776,212,10,-72.0,841.0,12
720,2014-10-13,777,213,10,-72.0,841.0,13
721,2014-10-14,778,213,10,-70.0,846.0,14
722,2014-10-15,779,214,10,-71.0,845.0,15
723,2014-10-16,780,215,10,-72.0,852.0,16
725,2014-10-17,781,215,10,-74.0,849.0,17
724,2014-10-18,782,216,10,-71.0,854.0,18
727,2014-10-19,783,216,10,-69.0,853.0,19
726,2014-10-20,784,217,10,-69.0,857.0,20
728,2014-10-21,785,218,10,-74.0,858.0,21
729,2014-10-22,786,218,10,-74.0,861.0,22
732,2014-10-23,787,219,10,-73.0,860.0,23
731,2014-10-24,788,220,10,-68.0,862.0,24
730,2014-10-25,789,220,10,-68.0,862.0,25
733,2014-10-26,790,221,10,-68.0,864.0,26
734,2014-10-27,791,222,10,-70.0,867.0,27
735,2014-10-28,792,222,10,-71.0,873.0,28
736,2014-10-29,793,223,10,-71.0,877.0,29
739,2014-10-30,794,223,10,-68.0,874.0,30
738,2014-10-31,795,224,10,-68.0,875.0,31
737,2014-11-01,796,225,11,-65.0,877.0,1
740,2014-11-03,797,225,11,-65.0,879.0,3
741,2014-11-04,798,226,11,-67.0,883.0,4
743,2014-11-05,799,227,11,-70.0,884.0,5
742,2014-11-06,800,227,11,-67.0,884.0,6
746,2014-11-07,801,228,11,-70.0,884.0,7
745,2014-11-08,802,229,11,-69.0,887.0,8
744,2014-11-09,803,229,11,-69.0,888.0,9
747,2014-11-10,804,230,11,-73.0,891.0,10
748,2014-11-11,805,231,11,-70.0,893.0,11
750,2014-11-12,806,231,11,-69.0,893.0,12
749,2014-11-13,807,232,11,-71.0,892.0,13
752,2014-11-14,808,232,11,-67.0,893.0,14
753,2014-11-15,809,233,11,-70.0,895.0,15
751,2014-11-16,810,234,11,-69.0,897.0,16
754,2014-11-17,811,234,11,-71.0,900.0,17
755,2014-11-18,812,235,11,-75.0,902.0,18
756,2014-11-19,813,236,11,-67.0,904.0,19
757,2014-11-20,814,236,11,-68.0,902.0,20
759,2014-11-21,815,237,11,-69.0,905.0,21
758,2014-11-22,816,238,11,-74.0,909.0,22
761,2014-11-23,817,238,11,-69.0,913.0,23
760,2014-11-24,818,239,11,-68.0,914.0,24
763,2014-11-25,819,240,11,-71.0,913.0,25
765,2014-11-26,820,240,11,-68.0,910.0,26
762,2014-11-27,821,241,11,-68.0,910.0,27
764,2014-11-28,822,242,11,-71.0,911.0,28
766,2014-11-29,823,242,11,-69.0,912.0,29
768,2014-11-30,824,243,11,-67.0,914.0,30
767,2014-12-01,825,243,12,-67.0,914.0,1
770,2014-12-02,826,244,12,-68.0,914.0,2
769,2014-12-03,827,245,12,-68.0,911.0,3
771,2014-12-04,828,245,12,-71.0,914.0,4
773,2014-12-05,829,246,12,-71.0,914.0,5
772,2014-12-06,830,247,12,-68.0,918.0,6
774,2014-12-07,831,247,12,-68.0,920.0,7
775,2014-12-08,832,248,12,-68.0,924.0,8
776,2014-12-09,833,249,12,-69.0,923.0,9
777,2014-12-11,834,249,12,-68.0,918.0,11
780,2014-12-12,835,250,12,-69.0,917.0,12
778,2014-12-13,836,251,12,-69.0,916.0,13
779,2014-12-14,837,251,12,-69.0,916.0,14
782,2014-12-15,838,252,12,-69.0,917.0,15
781,2014-12-16,839,253,12,-70.0,917.0,16
783,2014-12-17,840,253,12,-74.0,913.0,17
784,2014-12-18,841,254,12,-75.0,914.0,18
790,2014-12-19,842,255,12,-69.0,914.0,19
793,2014-12-20,843,255,12,-69.0,916.0,20
788,2014-12-21,844,256,12,-68.0,917.0,21
786,2014-12-22,845,257,12,-73.0,920.0,22
785,2014-12-23,846,257,12,-74.0,925.0,23
791,2014-12-24,847,258,12,-69.0,918.0,24
792,2014-12-25,848,258,12,-69.0,918.0,25
787,2014-12-26,849,259,12,-69.0,918.0,26
789,2014-12-27,850,260,12,-68.0,918.0,27
794,2014-12-28,851,260,12,-68.0,919.0,28
797,2014-12-29,852,261,12,-73.0,916.0,29
796,2014-12-30,853,262,12,-67.0,913.0,30
798,2014-12-31,854,262,12,-66.0,910.0,31
799,2015-01-01,855,263,1,-69.0,912.0,1
795,2015-01-02,856,264,1,-68.0,912.0,2
801,2015-01-03,857,264,1,-76.0,911.0,3
800,2015-01-04,858,265,1,-73.0,913.0,4
802,2015-01-05,859,266,1,-72.0,915.0,5
803,2015-01-06,860,266,1,-69.0,916.0,6
804,2015-01-07,861,267,1,-70.0,917.0,7
807,2015-01-08,862,268,1,-70.0,917.0,8
805,2015-01-09,863,268,1,-72.0,916.0,9
806,2015-01-10,864,269,1,-70.0,914.0,10
808,2015-01-11,865,270,1,-70.0,913.0,11
809,2015-01-12,866,270,1,-71.0,911.0,12
810,2015-01-13,867,271,1,-71.0,910.0,13
811,2015-01-14,868,271,1,-71.0,908.0,14
812,2015-01-15,869,272,1,-72.0,906.0,15
813,2015-01-17,870,273,1,-74.0,909.0,17
814,2015-01-18,871,273,1,-70.0,903.0,18
815,2015-01-19,872,274,1,-72.0,902.0,19
817,2015-01-28,881,280,1,-73.0,899.0,28
818,2015-01-29,882,280,1,-76.0,901.0,29
820,2015-01-30,883,281,1,-74.0,897.0,30
821,2015-01-31,884,282,1,-71.0,897.0,31
819,2015-02-01,885,282,2,-71.0,895.0,1
823,2015-02-02,886,283,2,-73.0,894.0,2
822,2015-02-03,887,284,2,-73.0,897.0,3
824,2015-02-04,888,284,2,-70.0,896.0,4
825,2015-02-05,889,285,2,-70.0,895.0,5
826,2015-02-06,890,286,2,-72.0,892.0,6
827,2015-02-07,891,286,2,-72.0,892.0,7
828,2015-02-08,892,287,2,-71.0,892.0,8
829,2015-02-09,893,287,2,-72.0,890.0,9
830,2015-02-10,894,288,2,-75.0,891.0,10
831,2015-02-11,895,289,2,-72.0,889.0,11
833,2015-02-12,896,289,2,-70.0,888.0,12
832,2015-02-13,897,290,2,-72.0,884.0,13
834,2015-02-14,898,291,2,-72.0,883.0,14
835,2015-02-15,899,291,2,-75.0,881.0,15
836,2015-02-16,900,292,2,-70.0,883.0,16
837,2015-02-17,901,292,2,-71.0,885.0,17
838,2015-02-18,902,293,2,-68.0,883.0,18
839,2015-02-19,903,294,2,-71.0,882.0,19
841,2015-02-20,904,294,2,-71.0,878.0,20
840,2015-02-21,905,295,2,-71.0,880.0,21
843,2015-02-22,906,296,2,-76.0,878.0,22
842,2015-02-24,907,296,2,-75.0,879.0,24
844,2015-02-25,908,297,2,-71.0,883.0,25
845,2015-02-26,909,297,2,-70.0,878.0,26
847,2015-02-27,910,298,2,-73.0,878.0,27
846,2015-02-28,911,299,2,-70.0,874.0,28
849,2015-03-01,912,299,3,-75.0,875.0,1
848,2015-03-02,913,300,3,-71.0,871.0,2
850,2015-03-03,914,300,3,-71.0,874.0,3
851,2015-03-04,915,301,3,-71.0,878.0,4
852,2015-03-05,916,302,3,-71.0,872.0,5
854,2015-03-06,917,302,3,-76.0,871.0,6
853,2015-03-07,918,303,3,-71.0,867.0,7
855,2015-03-08,919,304,3,-74.0,870.0,8
856,2015-03-09,920,304,3,-72.0,868.0,9
857,2015-03-10,921,305,3,-70.0,867.0,10
858,2015-03-11,922,305,3,-73.0,870.0,11
859,2015-03-12,923,306,3,-72.0,867.0,12
861,2015-03-13,924,307,3,-74.0,867.0,13
860,2015-03-14,925,307,3,-71.0,862.0,14
862,2015-03-15,926,308,3,-76.0,864.0,15
863,2015-03-16,927,308,3,-76.0,862.0,16
864,2015-03-17,928,309,3,-72.0,862.0,17
865,2015-03-18,929,310,3,-75.0,866.0,18
868,2015-03-19,930,310,3,-75.0,865.0,19
867,2015-03-20,931,311,3,-69.0,864.0,20
866,2015-03-21,932,311,3,-71.0,859.0,21
869,2015-03-22,933,312,3,-71.0,863.0,22
870,2015-03-23,934,313,3,-73.0,858.0,23
872,2015-03-24,935,313,3,-75.0,862.0,24
871,2015-03-25,936,314,3,-72.0,865.0,25
874,2015-03-26,937,314,3,-73.0,863.0,26
876,2015-03-29,940,316,3,-73.0,861.0,29
875,2015-03-30,941,317,3,-74.0,857.0,30
880,2015-03-31,942,317,3,-74.0,857.0,31
877,2015-04-02,943,318,4,-73.0,854.0,2
878,2015-04-03,944,318,4,-70.0,852.0,3
881,2015-04-04,945,319,4,-72.0,851.0,4
879,2015-04-05,946,320,4,-77.0,850.0,5
882,2015-04-06,947,320,4,-70.0,853.0,6
883,2015-04-07,948,321,4,-73.0,854.0,7
884,2015-04-08,949,321,4,-72.0,851.0,8
885,2015-04-09,950,322,4,-73.0,850.0,9
888,2015-04-10,951,323,4,-75.0,849.0,10
886,2015-04-11,952,323,4,-69.0,847.0,11
887,2015-04-12,953,324,4,-71.0,847.0,12
889,2015-04-13,954,324,4,-73.0,847.0,13
892,2015-04-17,958,327,4,-74.0,848.0,17
891,2015-04-18,959,327,4,-78.0,846.0,18
893,2015-04-19,960,328,4,-76.0,846.0,19
895,2015-04-20,961,328,4,-71.0,849.0,20
894,2015-04-21,962,329,4,-73.0,845.0,21
896,2015-04-22,963,329,4,-71.0,850.0,22
897,2015-04-23,964,330,4,-72.0,847.0,23
898,2015-04-24,965,331,4,-75.0,847.0,24
900,2015-04-25,966,331,4,-73.0,850.0,25
899,2015-04-26,967,332,4,-74.0,844.0,26
901,2015-04-27,968,332,4,-71.0,848.0,27
902,2015-04-28,969,333,4,-72.0,844.0,28
903,2015-04-29,970,333,4,-71.0,849.0,29
906,2015-04-30,971,334,4,-71.0,848.0,30
904,2015-05-01,972,334,5,-73.0,847.0,1
905,2015-05-02,973,335,5,-72.0,844.0,2
907,2015-05-03,974,336,5,-73.0,842.0,3
908,2015-05-04,975,336,5,-73.0,843.0,4
909,2015-05-05,976,337,5,-75.0,842.0,5
910,2015-05-06,977,337,5,-75.0,841.0,6
913,2015-05-07,978,338,5,-73.0,842.0,7
912,2015-05-09,979,338,5,-79.0,841.0,9
911,2015-05-10,980,339,5,-73.0,840.0,10
914,2015-05-11,981,339,5,-73.0,841.0,11
917,2015-05-12,982,340,5,-74.0,840.0,12
916,2015-05-13,983,340,5,-76.0,840.0,13
915,2015-05-14,984,341,5,-74.0,840.0,14
918,2015-05-15,985,342,5,-78.0,840.0,15
919,2015-05-16,986,342,5,-74.0,840.0,16
920,2015-05-17,987,343,5,-74.0,839.0,17
922,2015-05-18,988,343,5,-75.0,840.0,18
921,2015-05-19,989,344,5,-74.0,841.0,19
923,2015-05-20,990,344,5,-76.0,839.0,20
926,2015-05-21,991,345,5,-73.0,840.0,21
924,2015-05-22,992,345,5,-73.0,842.0,22
927,2015-05-23,993,346,5,-73.0,840.0,23
925,2015-05-24,994,346,5,-79.0,842.0,24
929,2015-05-25,995,347,5,-74.0,842.0,25
928,2015-05-26,996,348,5,-72.0,842.0,26
930,2015-05-27,997,348,5,-74.0,843.0,27
931,2015-05-28,998,349,5,-73.0,842.0,28
932,2015-05-30,1000,350,5,-74.0,841.0,30
933,2015-05-31,1001,350,5,-79.0,843.0,31
936,2015-06-01,1002,351,6,-77.0,844.0,1
934,2015-06-02,1003,351,6,-74.0,843.0,2
935,2015-06-03,1004,352,6,-74.0,842.0,3
939,2015-06-04,1005,352,6,-75.0,843.0,4
941,2015-06-05,1006,353,6,-78.0,844.0,5
937,2015-06-06,1007,353,6,-79.0,845.0,6
940,2015-06-07,1008,354,6,-79.0,844.0,7
946,2015-06-08,1009,354,6,-75.0,845.0,8
947,2015-06-09,1010,355,6,-74.0,846.0,9
948,2015-06-10,1011,355,6,-78.0,845.0,10
949,2015-06-11,1012,356,6,-81.0,846.0,11
953,2015-06-12,1013,356,6,-80.0,846.0,12
950,2015-06-13,1014,357,6,-77.0,846.0,13
951,2015-06-14,1015,357,6,-75.0,847.0,14
952,2015-06-16,1016,358,6,-76.0,847.0,16
955,2015-06-17,1017,359,6,-78.0,850.0,17
956,2015-06-18,1018,359,6,-79.0,850.0,18
954,2015-06-19,1019,0,6,-81.0,849.0,19
938,2015-06-20,1020,0,6,-63.0,832.0,20
942,2015-06-21,1021,1,6,-76.0,850.0,21
944,2015-06-22,1022,1,6,-75.0,852.0,22
943,2015-06-23,1023,2,6,-76.0,851.0,23
945,2015-06-24,1024,2,6,-76.0,851.0,24
958,2015-06-25,1025,3,6,-74.0,851.0,25
957,2015-06-26,1026,3,6,-78.0,851.0,26
960,2015-06-28,1028,4,6,-75.0,853.0,28
959,2015-06-29,1029,5,6,-75.0,856.0,29
961,2015-06-30,1030,5,6,-77.0,855.0,30
963,2015-07-01,1031,6,7,-76.0,854.0,1
962,2015-07-02,1032,6,7,-74.0,854.0,2
965,2015-07-03,1033,7,7,-77.0,856.0,3
964,2015-07-04,1034,7,7,-76.0,859.0,4
966,2015-07-05,1035,8,7,-77.0,857.0,5
967,2015-07-06,1036,8,7,-76.0,856.0,6
968,2015-07-07,1037,9,7,-80.0,856.0,7
969,2015-07-08,1038,9,7,-76.0,858.0,8
970,2015-07-09,1039,10,7,-77.0,857.0,9
972,2015-07-10,1040,10,7,-77.0,858.0,10
971,2015-07-11,1041,11,7,-77.0,859.0,11
973,2015-07-12,1042,11,7,-76.0,859.0,12
974,2015-07-13,1043,12,7,-77.0,860.0,13
975,2015-07-14,1044,12,7,-79.0,860.0,14
978,2015-07-15,1045,13,7,-80.0,861.0,15
979,2015-07-16,1046,13,7,-77.0,862.0,16
977,2015-07-17,1047,14,7,-77.0,863.0,17
976,2015-07-18,1048,14,7,-78.0,864.0,18
980,2015-07-19,1049,15,7,-75.0,864.0,19
981,2015-07-20,1050,15,7,-76.0,863.0,20
983,2015-07-21,1051,16,7,-76.0,864.0,21
982,2015-07-23,1052,16,7,-78.0,865.0,23
984,2015-07-24,1053,17,7,-79.0,865.0,24
985,2015-07-25,1054,17,7,-77.0,867.0,25
987,2015-07-26,1055,17,7,-77.0,868.0,26
986,2015-07-27,1056,18,7,-76.0,868.0,27
988,2015-07-28,1057,18,7,-78.0,867.0,28
989,2015-07-29,1058,19,7,-78.0,868.0,29
990,2015-07-30,1059,19,7,-78.0,870.0,30
992,2015-07-31,1060,20,7,-78.0,870.0,31
993,2015-08-01,1061,20,8,-77.0,871.0,1
991,2015-08-02,1062,21,8,-77.0,871.0,2
994,2015-08-03,1063,21,8,-79.0,871.0,3
996,2015-08-04,1064,22,8,-77.0,871.0,4
995,2015-08-05,1065,22,8,-78.0,873.0,5
997,2015-08-06,1066,23,8,-78.0,875.0,6
998,2015-08-07,1067,23,8,-79.0,875.0,7
1000,2015-08-08,1068,24,8,-76.0,874.0,8
999,2015-08-09,1069,24,8,-77.0,876.0,9
1001,2015-08-10,1070,25,8,-80.0,877.0,10
1002,2015-08-11,1071,25,8,-78.0,878.0,11
1003,2015-08-12,1072,26,8,-78.0,879.0,12
1004,2015-08-13,1073,26,8,-82.0,879.0,13
1005,2015-08-14,1074,27,8,-77.0,878.0,14
1006,2015-08-15,1075,27,8,-77.0,879.0,15
1007,2015-08-16,1076,28,8,-81.0,880.0,16
1008,2015-08-17,1077,28,8,-79.0,880.0,17
1009,2015-08-18,1078,29,8,-80.0,881.0,18
1010,2015-08-19,1079,29,8,-80.0,882.0,19
1013,2015-08-20,1080,29,8,-77.0,882.0,20
1011,2015-08-21,1081,30,8,-77.0,882.0,21
1012,2015-08-22,1082,30,8,-79.0,882.0,22
1014,2015-08-23,1083,31,8,-80.0,883.0,23
1015,2015-08-24,1084,31,8,-78.0,885.0,24
1017,2015-08-25,1085,32,8,-79.0,886.0,25
1016,2015-08-26,1086,32,8,-77.0,885.0,26
1019,2015-08-27,1087,33,8,-78.0,885.0,27
1020,2015-08-29,1088,33,8,-77.0,885.0,29
1018,2015-08-30,1089,34,8,-76.0,885.0,30
1021,2015-08-31,1090,34,8,-78.0,886.0,31
1022,2015-09-01,1091,35,9,-77.0,886.0,1
1023,2015-09-02,1092,35,9,-79.0,886.0,2
1024,2015-09-03,1093,36,9,-77.0,887.0,3
1026,2015-09-04,1094,36,9,-80.0,888.0,4
1027,2015-09-05,1095,36,9,-79.0,888.0,5
1025,2015-09-06,1096,37,9,-79.0,888.0,6
1028,2015-09-07,1097,37,9,-78.0,889.0,7
1029,2015-09-08,1098,38,9,-77.0,890.0,8
1030,2015-09-09,1099,38,9,-78.0,891.0,9
1031,2015-09-10,1100,39,9,-79.0,890.0,10
1034,2015-09-11,1101,39,9,-80.0,891.0,11
1032,2015-09-12,1102,40,9,-84.0,892.0,12
1033,2015-09-13,1103,40,9,-81.0,893.0,13
1035,2015-09-14,1104,41,9,-79.0,893.0,14
1036,2015-09-15,1105,41,9,-78.0,892.0,15
1037,2015-09-16,1106,42,9,-82.0,893.0,16
1040,2015-09-17,1107,42,9,-79.0,893.0,17
1038,2015-09-18,1108,42,9,-78.0,895.0,18
1039,2015-09-19,1109,43,9,-82.0,895.0,19
1041,2015-09-20,1110,43,9,-81.0,895.0,20
1042,2015-09-21,1111,44,9,-79.0,896.0,21
1043,2015-09-22,1112,44,9,-80.0,895.0,22
1044,2015-09-23,1113,45,9,-79.0,895.0,23
1045,2015-09-24,1114,45,9,-79.0,896.0,24
1047,2015-09-25,1115,46,9,-80.0,897.0,25
1046,2015-09-26,1116,46,9,-79.0,898.0,26
1048,2015-09-27,1117,47,9,-79.0,898.0,27
1049,2015-09-28,1118,47,9,-80.0,898.0,28
1050,2015-09-29,1119,48,9,-81.0,899.0,29
1051,2015-09-30,1120,48,9,-80.0,900.0,30
1052,2015-10-01,1121,48,10,-81.0,901.0,1
1053,2015-10-02,1122,49,10,-79.0,901.0,2
1054,2015-10-03,1123,49,10,-79.0,900.0,3
1055,2015-10-04,1124,50,10,-80.0,900.0,4
1056,2015-10-06,1125,50,10,-79.0,900.0,6
1057,2015-10-07,1126,51,10,-79.0,901.0,7
1058,2015-10-08,1127,51,10,-80.0,901.0,8
1059,2015-10-09,1128,52,10,-79.0,902.0,9
1060,2015-10-10,1129,52,10,-80.0,902.0,10
1061,2015-10-11,1130,53,10,-81.0,902.0,11
1062,2015-10-12,1131,53,10,-81.0,902.0,12
1063,2015-10-13,1132,53,10,-82.0,902.0,13
1064,2015-10-14,1133,54,10,-82.0,902.0,14
1065,2015-10-15,1134,54,10,-80.0,902.0,15
1069,2015-10-16,1135,55,10,-81.0,901.0,16
1066,2015-10-17,1136,55,10,-82.0,901.0,17
1068,2015-10-18,1137,56,10,-81.0,901.0,18
1067,2015-10-19,1138,56,10,-82.0,901.0,19
1070,2015-10-20,1139,57,10,-80.0,901.0,20
1071,2015-10-21,1140,57,10,-81.0,901.0,21
1072,2015-10-22,1141,57,10,-82.0,902.0,22
1073,2015-10-23,1142,58,10,-82.0,902.0,23
1074,2015-10-24,1143,58,10,-82.0,901.0,24
1075,2015-10-25,1144,59,10,-82.0,902.0,25
1076,2015-10-26,1145,59,10,-82.0,903.0,26
1077,2015-10-27,1146,60,10,-82.0,902.0,27
1078,2015-10-28,1147,60,10,-80.0,901.0,28
1080,2015-10-29,1148,61,10,-80.0,901.0,29
1079,2015-10-30,1149,61,10,-81.0,902.0,30
1081,2015-10-31,1150,62,10,-82.0,902.0,31
1082,2015-11-01,1151,62,11,-82.0,901.0,1
1086,2015-11-02,1152,62,11,-80.0,901.0,2
1083,2015-11-03,1153,63,11,-82.0,900.0,3
1088,2015-11-04,1154,63,11,-84.0,900.0,4
1084,2015-11-05,1155,64,11,-84.0,900.0,5
1085,2015-11-06,1156,64,11,-84.0,900.0,6
1087,2015-11-07,1157,65,11,-82.0,900.0,7
1089,2015-11-08,1158,65,11,-82.0,898.0,8
1090,2015-11-09,1159,66,11,-82.0,898.0,9
1091,2015-11-10,1160,66,11,-80.0,899.0,10
1092,2015-11-12,1161,66,11,-83.0,898.0,12
1093,2015-11-13,1162,67,11,-84.0,897.0,13
1094,2015-11-14,1163,67,11,-86.0,896.0,14
1095,2015-11-15,1164,68,11,-86.0,896.0,15
1096,2015-11-16,1165,68,11,-84.0,897.0,16
1097,2015-11-17,1166,69,11,-84.0,895.0,17
1098,2015-11-18,1167,69,11,-84.0,894.0,18
1102,2015-11-19,1168,70,11,-84.0,894.0,19
1100,2015-11-20,1169,70,11,-89.0,894.0,20
1101,2015-11-21,1170,71,11,-85.0,893.0,21
1099,2015-11-22,1171,71,11,-87.0,892.0,22
1104,2015-11-23,1172,71,11,-87.0,892.0,23
1103,2015-11-24,1173,72,11,-87.0,892.0,24
1105,2015-11-25,1174,72,11,-85.0,891.0,25
1106,2015-11-26,1175,73,11,-85.0,890.0,26
1107,2015-11-27,1176,73,11,-84.0,890.0,27
1108,2015-11-28,1177,74,11,-84.0,888.0,28
1109,2015-11-29,1178,74,11,-86.0,888.0,29
1110,2015-11-30,1179,75,11,-85.0,887.0,30
1111,2015-12-01,1180,75,12,-86.0,886.0,1
1112,2015-12-02,1181,75,12,-86.0,885.0,2
1114,2015-12-03,1182,76,12,-85.0,884.0,3
1113,2015-12-04,1183,76,12,-86.0,883.0,4
1115,2015-12-05,1184,77,12,-85.0,882.0,5
1116,2015-12-06,1185,77,12,-84.0,881.0,6
1117,2015-12-07,1186,78,12,-86.0,881.0,7
1118,2015-12-08,1187,78,12,-84.0,881.0,8
1119,2015-12-09,1188,79,12,-90.0,881.0,9
1120,2015-12-10,1189,79,12,-87.0,879.0,10
1121,2015-12-11,1190,79,12,-87.0,877.0,11
1122,2015-12-12,1191,80,12,-87.0,876.0,12
1123,2015-12-13,1192,80,12,-86.0,876.0,13
1124,2015-12-14,1193,81,12,-84.0,875.0,14
1125,2015-12-15,1194,81,12,-84.0,873.0,15
1126,2015-12-16,1195,82,12,-86.0,872.0,16
1129,2015-12-17,1196,82,12,-86.0,871.0,17
1127,2015-12-18,1197,83,12,-85.0,869.0,18
1128,2015-12-20,1198,83,12,-86.0,868.0,20
1130,2015-12-21,1199,84,12,-86.0,868.0,21
1131,2015-12-22,1200,84,12,-84.0,866.0,22
1132,2015-12-23,1201,84,12,-85.0,866.0,23
1133,2015-12-24,1202,85,12,-85.0,864.0,24
1136,2015-12-25,1203,85,12,-85.0,863.0,25
1135,2015-12-26,1204,86,12,-84.0,862.0,26
1134,2015-12-27,1205,86,12,-86.0,861.0,27
1137,2015-12-28,1206,87,12,-85.0,859.0,28
1138,2015-12-29,1207,87,12,-85.0,858.0,29
1139,2015-12-30,1208,88,12,-85.0,857.0,30
1141,2015-12-31,1209,88,12,-85.0,855.0,31
1140,2016-01-01,1210,88,1,-85.0,854.0,1
1142,2016-01-02,1211,89,1,-83.0,853.0,2
1143,2016-01-03,1212,89,1,-86.0,851.0,3
1145,2016-01-04,1213,90,1,-84.0,851.0,4
1144,2016-01-05,1214,90,1,-85.0,849.0,5
1146,2016-01-06,1215,91,1,-85.0,848.0,6
1147,2016-01-07,1216,91,1,-86.0,847.0,7
1148,2016-01-08,1217,92,1,-88.0,846.0,8
1149,2016-01-09,1218,92,1,-86.0,845.0,9
1150,2016-01-10,1219,93,1,-87.0,844.0,10
1151,2016-01-11,1220,93,1,-87.0,842.0,11
1152,2016-01-12,1221,93,1,-87.0,841.0,12
1153,2016-01-13,1222,94,1,-87.0,840.0,13
1155,2016-01-14,1223,94,1,-88.0,839.0,14
1154,2016-01-15,1224,95,1,-88.0,837.0,15
1156,2016-01-16,1225,95,1,-87.0,836.0,16
1157,2016-01-17,1226,96,1,-87.0,835.0,17
1158,2016-01-18,1227,96,1,-88.0,833.0,18
1159,2016-01-19,1228,97,1,-88.0,832.0,19
1160,2016-01-20,1229,97,1,-88.0,831.0,20
1161,2016-01-21,1230,98,1,-88.0,830.0,21
1162,2016-01-22,1231,98,1,-88.0,828.0,22
1163,2016-01-23,1232,99,1,-88.0,827.0,23
1164,2016-01-24,1233,99,1,-88.0,826.0,24
1166,2016-01-26,1234,99,1,-88.0,824.0,26
1165,2016-01-27,1235,100,1,-88.0,824.0,27
1170,2016-01-28,1236,100,1,-87.0,822.0,28
1169,2016-01-29,1237,101,1,-88.0,820.0,29
1167,2016-01-30,1238,101,1,-87.0,819.0,30
1168,2016-01-31,1239,102,1,-89.0,818.0,31
1171,2016-02-01,1240,102,2,-87.0,816.0,1
1172,2016-02-02,1241,103,2,-87.0,816.0,2
1173,2016-02-03,1242,103,2,-87.0,815.0,3
1174,2016-02-04,1243,104,2,-86.0,814.0,4
1175,2016-02-05,1244,104,2,-85.0,812.0,5
1176,2016-02-06,1245,105,2,-86.0,811.0,6
1178,2016-02-07,1246,105,2,-85.0,810.0,7
1177,2016-02-08,1247,105,2,-85.0,809.0,8
1179,2016-02-09,1248,106,2,-86.0,807.0,9
1180,2016-02-10,1249,106,2,-85.0,806.0,10
1182,2016-02-11,1250,107,2,-85.0,804.0,11
1185,2016-02-12,1251,107,2,-85.0,803.0,12
1184,2016-02-13,1252,108,2,-85.0,802.0,13
1181,2016-02-14,1253,108,2,-85.0,800.0,14
1183,2016-02-15,1254,109,2,-84.0,799.0,15
1187,2016-02-16,1255,109,2,-84.0,798.0,16
1186,2016-02-17,1256,110,2,-84.0,797.0,17
1188,2016-02-18,1257,110,2,-84.0,794.0,18
1189,2016-02-19,1258,111,2,-83.0,794.0,19
1190,2016-02-20,1259,111,2,-84.0,794.0,20
1191,2016-02-21,1260,112,2,-83.0,792.0,21
1192,2016-02-22,1261,112,2,-81.0,790.0,22
1193,2016-02-23,1262,112,2,-81.0,790.0,23
1194,2016-02-24,1263,113,2,-84.0,788.0,24
1195,2016-02-25,1264,113,2,-84.0,787.0,25
1197,2016-02-26,1265,114,2,-81.0,787.0,26
1196,2016-02-27,1266,114,2,-82.0,787.0,27
1198,2016-02-28,1267,115,2,-83.0,786.0,28
1199,2016-02-29,1268,115,2,-83.0,784.0,29
1201,2016-03-01,1269,116,3,-83.0,782.0,1
1200,2016-03-03,1270,116,3,-82.0,782.0,3
1202,2016-03-04,1271,117,3,-84.0,781.0,4
1203,2016-03-05,1272,117,3,-81.0,780.0,5
1204,2016-03-06,1273,118,3,-79.0,778.0,6
1205,2016-03-07,1274,118,3,-82.0,777.0,7
1206,2016-03-08,1275,119,3,-82.0,775.0,8
1207,2016-03-09,1276,119,3,-83.0,774.0,9
1208,2016-03-10,1277,120,3,-84.0,774.0,10
1210,2016-03-11,1278,120,3,-83.0,773.0,11
1209,2016-03-12,1279,121,3,-83.0,772.0,12
1211,2016-03-13,1280,121,3,-84.0,771.0,13
1212,2016-03-14,1281,122,3,-83.0,769.0,14
1213,2016-03-15,1282,122,3,-81.0,768.0,15
1214,2016-03-16,1283,123,3,-82.0,767.0,16
1216,2016-03-17,1284,123,3,-80.0,767.0,17
1217,2016-03-18,1285,123,3,-80.0,766.0,18
1215,2016-03-19,1286,124,3,-80.0,765.0,19
1218,2016-03-20,1287,124,3,-80.0,764.0,20
1219,2016-03-21,1288,125,3,-80.0,763.0,21
1220,2016-03-24,1291,126,3,-80.0,760.0,24
1222,2016-03-25,1292,127,3,-81.0,760.0,25
1221,2016-03-26,1293,127,3,-81.0,758.0,26
1223,2016-03-27,1294,128,3,-79.0,758.0,27
1224,2016-03-28,1295,128,3,-79.0,757.0,28
1226,2016-03-29,1296,129,3,-79.0,756.0,29
1225,2016-03-30,1297,129,3,-80.0,755.0,30
1229,2016-03-31,1298,130,3,-79.0,755.0,31
1228,2016-04-01,1299,130,4,-80.0,753.0,1
1227,2016-04-02,1300,131,4,-79.0,752.0,2
1230,2016-04-03,1301,131,4,-78.0,752.0,3
1231,2016-04-04,1302,132,4,-80.0,751.0,4
1232,2016-04-05,1303,132,4,-78.0,751.0,5
1233,2016-04-06,1304,133,4,-80.0,750.0,6
1235,2016-04-07,1305,133,4,-80.0,749.0,7
1234,2016-04-08,1306,134,4,-79.0,748.0,8
1236,2016-04-10,1307,134,4,-80.0,748.0,10
1237,2016-04-11,1308,135,4,-81.0,748.0,11
1238,2016-04-12,1309,135,4,-81.0,747.0,12
1239,2016-04-13,1310,136,4,-76.0,745.0,13
1240,2016-04-14,1311,136,4,-78.0,745.0,14
1243,2016-04-15,1312,137,4,-77.0,745.0,15
1241,2016-04-16,1313,137,4,-77.0,745.0,16
1242,2016-04-17,1314,138,4,-78.0,744.0,17
1244,2016-04-18,1315,138,4,-77.0,744.0,18
1245,2016-04-19,1316,139,4,-80.0,744.0,19
1246,2016-04-20,1317,139,4,-80.0,743.0,20
1247,2016-04-21,1318,140,4,-80.0,743.0,21
1248,2016-04-22,1319,140,4,-78.0,742.0,22
1250,2016-04-23,1320,141,4,-77.0,741.0,23
1249,2016-04-24,1321,141,4,-77.0,740.0,24
1251,2016-04-25,1322,142,4,-78.0,740.0,25
1252,2016-04-26,1323,142,4,-77.0,738.0,26
1253,2016-04-27,1324,143,4,-78.0,738.0,27
1256,2016-04-28,1325,144,4,-78.0,738.0,28
1254,2016-04-29,1326,144,4,-77.0,738.0,29
1255,2016-04-30,1327,145,4,-76.0,736.0,30
1257,2016-05-01,1328,145,5,-77.0,735.0,1
1258,2016-05-02,1329,146,5,-74.0,735.0,2
1259,2016-05-03,1330,146,5,-78.0,734.0,3
1260,2016-05-04,1331,147,5,-76.0,734.0,4
1262,2016-05-05,1332,147,5,-78.0,734.0,5
1263,2016-05-06,1333,148,5,-76.0,733.0,6
1261,2016-05-07,1334,148,5,-77.0,732.0,7
1264,2016-05-08,1335,149,5,-77.0,732.0,8
1265,2016-05-09,1336,149,5,-75.0,732.0,9
1266,2016-05-10,1337,150,5,-76.0,734.0,10
1267,2016-05-11,1338,150,5,-75.0,734.0,11
1268,2016-05-12,1339,151,5,-77.0,733.0,12
1269,2016-05-13,1340,151,5,-76.0,734.0,13
1270,2016-05-14,1341,152,5,-76.0,735.0,14
1271,2016-05-15,1342,152,5,-80.0,735.0,15
1272,2016-05-17,1343,153,5,-74.0,735.0,17
1273,2016-05-18,1344,153,5,-75.0,734.0,18
1276,2016-05-19,1345,154,5,-75.0,735.0,19
1274,2016-05-20,1346,155,5,-75.0,737.0,20
1277,2016-05-21,1347,155,5,-75.0,736.0,21
1275,2016-05-22,1348,156,5,-76.0,735.0,22
1278,2016-05-23,1349,156,5,-73.0,737.0,23
1279,2016-05-24,1350,157,5,-73.0,738.0,24
1280,2016-05-25,1351,157,5,-72.0,739.0,25
1283,2016-05-26,1352,158,5,-73.0,736.0,26
1281,2016-05-27,1353,158,5,-76.0,737.0,27
1282,2016-05-28,1354,159,5,-75.0,739.0,28
1284,2016-05-29,1355,159,5,-75.0,740.0,29
1286,2016-05-30,1356,160,5,-74.0,739.0,30
1285,2016-05-31,1357,160,5,-72.0,738.0,31
1287,2016-06-01,1358,161,6,-74.0,738.0,1
1288,2016-06-02,1359,162,6,-76.0,739.0,2
1289,2016-06-03,1360,162,6,-76.0,739.0,3
1290,2016-06-04,1361,163,6,-75.0,739.0,4
1291,2016-06-05,1362,163,6,-74.0,739.0,5
1292,2016-06-06,1363,164,6,-75.0,740.0,6
1293,2016-06-07,1364,164,6,-74.0,740.0,7
1294,2016-06-08,1365,165,6,-74.0,739.0,8
1295,2016-06-09,1366,165,6,-75.0,740.0,9
1296,2016-06-10,1367,166,6,-74.0,743.0,10
1297,2016-06-11,1368,167,6,-74.0,743.0,11
1299,2016-06-12,1369,167,6,-73.0,742.0,12
1298,2016-06-13,1370,168,6,-74.0,744.0,13
1301,2016-06-14,1371,168,6,-75.0,746.0,14
1300,2016-06-15,1372,169,6,-74.0,745.0,15
1303,2016-06-16,1373,169,6,-74.0,746.0,16
1302,2016-06-17,1374,170,6,-75.0,748.0,17
1304,2016-06-18,1375,170,6,-73.0,749.0,18
1305,2016-06-19,1376,171,6,-75.0,749.0,19
1306,2016-06-20,1377,172,6,-76.0,749.0,20
1308,2016-06-21,1378,172,6,-76.0,751.0,21
1307,2016-06-23,1379,173,6,-77.0,751.0,23
1311,2016-06-24,1380,173,6,-74.0,751.0,24
1309,2016-06-25,1381,174,6,-73.0,751.0,25
1310,2016-06-26,1382,174,6,-76.0,752.0,26
1312,2016-06-27,1383,175,6,-73.0,752.0,27
1313,2016-06-28,1384,176,6,-74.0,753.0,28
1314,2016-06-29,1385,176,6,-75.0,755.0,29
1315,2016-06-30,1386,177,6,-74.0,755.0,30
1316,2016-07-01,1387,177,7,-74.0,755.0,1
1317,2016-07-02,1388,178,7,-73.0,756.0,2
1318,2016-07-12,1398,184,7,-66.0,751.0,12
1319,2016-07-13,1399,184,7,-73.0,770.0,13
1322,2016-07-14,1400,185,7,-73.0,770.0,14
1321,2016-07-15,1401,185,7,-73.0,770.0,15
1320,2016-07-16,1402,186,7,-75.0,771.0,16
1323,2016-07-17,1403,187,7,-75.0,771.0,17
1324,2016-07-18,1404,187,7,-75.0,774.0,18
1325,2016-07-19,1405,188,7,-75.0,775.0,19
1328,2016-07-20,1406,188,7,-76.0,775.0,20
1329,2016-07-21,1407,189,7,-74.0,779.0,21
1327,2016-07-22,1408,190,7,-75.0,779.0,22
1326,2016-07-23,1409,190,7,-74.0,781.0,23
1330,2016-07-24,1410,191,7,-72.0,782.0,24
1331,2016-07-25,1411,191,7,-72.0,782.0,25
1333,2016-07-26,1412,192,7,-78.0,784.0,26
1332,2016-07-27,1413,193,7,-72.0,784.0,27
1336,2016-07-28,1414,193,7,-73.0,785.0,28
1334,2016-07-29,1415,194,7,-72.0,787.0,29
1335,2016-07-31,1416,194,7,-72.0,791.0,31
1337,2016-08-01,1417,195,8,-70.0,791.0,1
1338,2016-08-02,1418,196,8,-73.0,793.0,2
1339,2016-08-03,1419,196,8,-73.0,793.0,3
1340,2016-08-04,1420,197,8,-71.0,793.0,4
1343,2016-08-05,1421,197,8,-72.0,797.0,5
1342,2016-08-06,1422,198,8,-72.0,798.0,6
1341,2016-08-07,1423,199,8,-71.0,800.0,7
1344,2016-08-08,1424,199,8,-72.0,803.0,8
1345,2016-08-09,1425,200,8,-72.0,804.0,9
1346,2016-08-10,1426,200,8,-71.0,803.0,10
1347,2016-08-11,1427,201,8,-72.0,807.0,11
1348,2016-08-12,1428,202,8,-72.0,808.0,12
1349,2016-08-13,1429,202,8,-70.0,810.0,13
1351,2016-08-14,1430,203,8,-69.0,810.0,14
1350,2016-08-15,1431,204,8,-69.0,811.0,15
1352,2016-08-16,1432,204,8,-71.0,813.0,16
1353,2016-08-17,1433,205,8,-70.0,818.0,17
1356,2016-08-18,1434,205,8,-70.0,818.0,18
1355,2016-08-19,1435,206,8,-71.0,823.0,19
1354,2016-08-20,1436,207,8,-72.0,825.0,20
1357,2016-08-21,1437,207,8,-71.0,821.0,21
1358,2016-08-22,1438,208,8,-68.0,823.0,22
1360,2016-08-23,1439,208,8,-71.0,828.0,23
1359,2016-08-24,1440,209,8,-70.0,828.0,24
1361,2016-08-25,1441,210,8,-74.0,828.0,25
1362,2016-08-26,1442,210,8,-68.0,829.0,26
1363,2016-08-27,1443,211,8,-69.0,831.0,27
1364,2016-08-28,1444,212,8,-69.0,833.0,28
1365,2016-08-29,1445,212,8,-69.0,836.0,29
1366,2016-08-30,1446,213,8,-70.0,841.0,30
1367,2016-08-31,1447,214,8,-74.0,841.0,31
1369,2016-09-01,1448,214,9,-69.0,841.0,1
1368,2016-09-02,1449,215,9,-71.0,841.0,2
1370,2016-09-03,1450,215,9,-69.0,842.0,3
1371,2016-09-04,1451,216,9,-71.0,842.0,4
1373,2016-09-06,1452,217,9,-74.0,845.0,6
1372,2016-09-07,1453,217,9,-73.0,850.0,7
1374,2016-09-08,1454,218,9,-69.0,854.0,8
1377,2016-09-09,1455,219,9,-70.0,858.0,9
1376,2016-09-10,1456,219,9,-69.0,859.0,10
1375,2016-09-11,1457,220,9,-69.0,860.0,11
1378,2016-09-12,1458,220,9,-69.0,859.0,12
1379,2016-09-13,1459,221,9,-71.0,861.0,13
1380,2016-09-14,1460,222,9,-70.0,865.0,14
1382,2016-09-15,1461,222,9,-69.0,870.0,15
1381,2016-09-16,1462,223,9,-68.0,871.0,16
1383,2016-09-17,1463,224,9,-68.0,871.0,17
1384,2016-09-18,1464,224,9,-71.0,871.0,18
1385,2016-09-19,1465,225,9,-68.0,870.0,19
1386,2016-09-20,1466,226,9,-67.0,873.0,20
1387,2016-09-21,1467,226,9,-69.0,877.0,21
1388,2016-09-22,1468,227,9,-70.0,879.0,22
1389,2016-09-23,1469,228,9,-72.0,881.0,23
1391,2016-09-24,1470,228,9,-70.0,879.0,24
1392,2016-09-25,1471,229,9,-71.0,880.0,25
1390,2016-09-26,1472,229,9,-68.0,879.0,26
1393,2016-09-27,1473,230,9,-67.0,881.0,27
1394,2016-09-28,1474,231,9,-68.0,889.0,28
1396,2016-09-29,1475,231,9,-72.0,890.0,29
1395,2016-09-30,1476,232,9,-69.0,888.0,30
1397,2016-10-01,1477,233,10,-72.0,888.0,1
1399,2016-10-02,1478,233,10,-68.0,887.0,2
1398,2016-10-03,1479,234,10,-66.0,890.0,3
1400,2016-10-04,1480,235,10,-68.0,893.0,4
1401,2016-10-05,1481,235,10,-70.0,893.0,5
1403,2016-10-06,1482,236,10,-68.0,893.0,6
1402,2016-10-07,1483,237,10,-68.0,892.0,7
1404,2016-10-08,1484,237,10,-68.0,895.0,8
1405,2016-10-09,1485,238,10,-71.0,899.0,9
1406,2016-10-10,1486,239,10,-71.0,901.0,10
1407,2016-10-11,1487,239,10,-68.0,901.0,11
1408,2016-10-12,1488,240,10,-69.0,902.0,12
1410,2016-10-14,1489,240,10,-68.0,903.0,14
1411,2016-10-15,1490,241,10,-66.0,904.0,15
1409,2016-10-16,1491,242,10,-69.0,906.0,16
1412,2016-10-17,1492,242,10,-68.0,910.0,17
1413,2016-10-18,1493,243,10,-70.0,905.0,18
1414,2016-10-19,1494,244,10,-70.0,904.0,19
1416,2016-10-20,1495,244,10,-71.0,903.0,20
1415,2016-10-21,1496,245,10,-72.0,906.0,21
1417,2016-10-22,1497,246,10,-68.0,909.0,22
1418,2016-10-23,1498,246,10,-68.0,907.0,23
1419,2016-10-24,1499,247,10,-69.0,903.0,24
1420,2016-10-25,1500,248,10,-70.0,903.0,25
1421,2016-10-26,1501,248,10,-69.0,903.0,26
1422,2016-10-27,1502,249,10,-69.0,907.0,27
1424,2016-10-28,1503,250,10,-70.0,909.0,28
1423,2016-10-29,1504,250,10,-69.0,910.0,29
1425,2016-10-30,1505,251,10,-69.0,906.0,30
1426,2016-10-31,1506,252,10,-71.0,907.0,31
1427,2016-11-01,1507,252,11,-70.0,907.0,1
1428,2016-11-02,1508,253,11,-70.0,907.0,2
1430,2016-11-03,1509,254,11,-70.0,910.0,3
1431,2016-11-04,1510,254,11,-70.0,908.0,4
1429,2016-11-05,1511,255,11,-77.0,908.0,5
1432,2016-11-06,1512,255,11,-78.0,906.0,6
1433,2016-11-07,1513,256,11,-74.0,907.0,7
1434,2016-11-08,1514,257,11,-73.0,906.0,8
1435,2016-11-09,1515,257,11,-76.0,906.0,9
1436,2016-11-10,1516,258,11,-71.0,909.0,10
1437,2016-11-11,1517,259,11,-76.0,911.0,11
1438,2016-11-12,1518,259,11,-78.0,909.0,12
1440,2016-11-13,1519,260,11,-72.0,906.0,13
1439,2016-11-14,1520,261,11,-73.0,905.0,14
1441,2016-11-15,1521,261,11,-71.0,905.0,15
1442,2016-11-16,1522,262,11,-71.0,905.0,16
1443,2016-11-17,1523,263,11,-77.0,905.0,17
1444,2016-11-18,1524,263,11,-76.0,904.0,18
1445,2016-11-20,1525,264,11,-74.0,902.0,20
1446,2016-11-21,1526,265,11,-72.0,900.0,21
1449,2016-11-22,1527,265,11,-71.0,900.0,22
1450,2016-11-23,1528,266,11,-72.0,898.0,23
1451,2016-11-24,1529,267,11,-73.0,900.0,24
1452,2016-11-25,1530,267,11,-71.0,899.0,25
1447,2016-11-26,1531,268,11,-76.0,900.0,26
1448,2016-11-27,1532,268,11,-72.0,900.0,27
1453,2016-11-28,1533,269,11,-72.0,896.0,28
1454,2016-11-29,1534,270,11,-73.0,898.0,29
1455,2016-11-30,1535,270,11,-73.0,900.0,30
1456,2016-12-01,1536,271,12,-71.0,901.0,1
1458,2016-12-02,1537,272,12,-74.0,900.0,2
1457,2016-12-03,1538,272,12,-73.0,898.0,3
1459,2016-12-04,1539,273,12,-74.0,896.0,4
1460,2016-12-05,1540,274,12,-72.0,896.0,5
1461,2016-12-06,1541,274,12,-76.0,895.0,6
1462,2016-12-07,1542,275,12,-73.0,895.0,7
1464,2016-12-08,1543,276,12,-74.0,896.0,8
1463,2016-12-09,1544,276,12,-71.0,894.0,9
1465,2016-12-10,1545,277,12,-73.0,891.0,10
1467,2016-12-11,1546,277,12,-73.0,889.0,11
1466,2016-12-12,1547,278,12,-75.0,887.0,12
1468,2016-12-13,1548,279,12,-76.0,887.0,13
1469,2016-12-14,1549,279,12,-76.0,887.0,14
1472,2016-12-15,1550,280,12,-71.0,888.0,15
1471,2016-12-16,1551,281,12,-71.0,886.0,16
1470,2016-12-17,1552,281,12,-74.0,886.0,17
1474,2016-12-18,1553,282,12,-77.0,884.0,18
1473,2016-12-19,1554,283,12,-70.0,882.0,19
1477,2016-12-20,1555,283,12,-71.0,883.0,20
1478,2016-12-21,1556,284,12,-72.0,883.0,21
1475,2016-12-22,1557,284,12,-70.0,883.0,22
1476,2016-12-23,1558,285,12,-72.0,880.0,23
1484,2016-12-24,1559,286,12,-76.0,879.0,24
1482,2016-12-25,1560,286,12,-76.0,877.0,25
1485,2016-12-27,1561,287,12,-77.0,877.0,27
1479,2016-12-28,1562,288,12,-73.0,877.0,28
1483,2016-12-29,1563,288,12,-75.0,879.0,29
1481,2016-12-30,1564,289,12,-70.0,877.0,30
1480,2016-12-31,1565,290,12,-72.0,874.0,31
1487,2017-01-01,1566,290,1,-76.0,876.0,1
1486,2017-01-02,1567,291,1,-70.0,872.0,2
1488,2017-01-03,1568,291,1,-71.0,876.0,3
1492,2017-01-04,1569,292,1,-70.0,873.0,4
1491,2017-01-05,1570,293,1,-71.0,873.0,5
1490,2017-01-06,1571,293,1,-70.0,873.0,6
1489,2017-01-07,1572,294,1,-81.0,869.0,7
1493,2017-01-08,1573,295,1,-74.0,872.0,8
1495,2017-01-09,1574,295,1,-72.0,868.0,9
1494,2017-01-10,1575,296,1,-73.0,871.0,10
1496,2017-01-11,1576,296,1,-72.0,869.0,11
1498,2017-01-12,1577,297,1,-72.0,866.0,12
1499,2017-01-13,1578,298,1,-74.0,868.0,13
1500,2017-01-14,1579,298,1,-73.0,862.0,14
1497,2017-01-15,1580,299,1,-72.0,867.0,15
1501,2017-01-16,1581,299,1,-72.0,862.0,16
1503,2017-01-17,1582,300,1,-74.0,862.0,17
1502,2017-01-18,1583,301,1,-75.0,862.0,18
1505,2017-01-19,1584,301,1,-77.0,860.0,19
1506,2017-01-20,1585,302,1,-76.0,864.0,20
1504,2017-01-21,1586,303,1,-72.0,858.0,21
1508,2017-01-22,1587,303,1,-73.0,860.0,22
1507,2017-01-23,1588,304,1,-72.0,858.0,23
1510,2017-01-24,1589,304,1,-72.0,857.0,24
1509,2017-01-25,1590,305,1,-76.0,860.0,25
1512,2017-01-26,1591,306,1,-73.0,852.0,26
1511,2017-01-27,1592,306,1,-71.0,857.0,27
1513,2017-01-28,1593,307,1,-72.0,852.0,28
1514,2017-01-29,1594,307,1,-74.0,855.0,29
1515,2017-01-30,1595,308,1,-71.0,855.0,30
1516,2017-01-31,1596,309,1,-74.0,850.0,31
1517,2017-02-01,1597,309,2,-73.0,855.0,1
1519,2017-02-03,1598,310,2,-70.0,849.0,3
1518,2017-02-04,1599,310,2,-72.0,853.0,4
1520,2017-02-05,1600,311,2,-71.0,850.0,5
1522,2017-02-06,1601,312,2,-71.0,853.0,6
1521,2017-02-07,1602,312,2,-77.0,852.0,7
1523,2017-02-08,1603,313,2,-76.0,847.0,8
1524,2017-02-09,1604,313,2,-77.0,850.0,9
1526,2017-02-10,1605,314,2,-73.0,846.0,10
1525,2017-02-11,1606,315,2,-75.0,850.0,11
1528,2017-02-12,1607,315,2,-77.0,846.0,12
1527,2017-02-13,1608,316,2,-72.0,847.0,13
1529,2017-02-14,1609,316,2,-71.0,847.0,14
1534,2017-02-18,1613,319,2,-72.0,846.0,18
1533,2017-02-19,1614,319,2,-73.0,837.0,19
1536,2017-02-20,1615,320,2,-73.0,842.0,20
1535,2017-02-21,1616,320,2,-73.0,848.0,21
1537,2017-02-22,1617,321,2,-72.0,840.0,22
1540,2017-02-23,1618,322,2,-71.0,845.0,23
1538,2017-02-24,1619,322,2,-73.0,841.0,24
1539,2017-02-25,1620,323,2,-70.0,844.0,25
1541,2017-02-26,1621,323,2,-73.0,842.0,26
1542,2017-02-27,1622,324,2,-71.0,841.0,27
1544,2017-02-28,1623,324,2,-71.0,840.0,28
1543,2017-03-01,1624,325,3,-72.0,837.0,1
1546,2017-03-02,1625,326,3,-71.0,839.0,2
1545,2017-03-03,1626,326,3,-71.0,839.0,3
1547,2017-03-04,1627,327,3,-72.0,838.0,4
1549,2017-03-05,1628,327,3,-71.0,839.0,5
1548,2017-03-06,1629,328,3,-74.0,837.0,6
1551,2017-03-07,1630,328,3,-77.0,838.0,7
1550,2017-03-08,1631,329,3,-77.0,837.0,8
1552,2017-03-09,1632,330,3,-72.0,836.0,9
1554,2017-03-10,1633,330,3,-75.0,834.0,10
1553,2017-03-12,1634,331,3,-72.0,834.0,12
1555,2017-03-13,1635,331,3,-73.0,833.0,13
1556,2017-03-14,1636,332,3,-72.0,834.0,14
1557,2017-03-15,1637,332,3,-73.0,833.0,15
1559,2017-03-16,1638,333,3,-73.0,833.0,16
1558,2017-03-17,1639,334,3,-71.0,832.0,17
1561,2017-03-18,1640,334,3,-72.0,832.0,18
1560,2017-03-19,1641,335,3,-72.0,831.0,19
1564,2017-03-20,1642,335,3,-72.0,829.0,20
1563,2017-03-21,1643,336,3,-74.0,832.0,21
1562,2017-03-22,1644,336,3,-74.0,832.0,22
1567,2017-03-23,1645,337,3,-74.0,832.0,23
1565,2017-03-24,1646,337,3,-74.0,831.0,24
1566,2017-03-25,1647,338,3,-73.0,831.0,25
1568,2017-03-26,1648,339,3,-73.0,830.0,26
1569,2017-03-27,1649,339,3,-74.0,830.0,27
1570,2017-03-28,1650,340,3,-75.0,833.0,28
1571,2017-03-29,1651,340,3,-77.0,833.0,29
1572,2017-03-30,1652,341,3,-76.0,834.0,30
1573,2017-03-31,1653,341,3,-75.0,833.0,31
1575,2017-04-01,1654,342,4,-75.0,829.0,1
1574,2017-04-02,1655,342,4,-76.0,831.0,2
1576,2017-04-03,1656,343,4,-75.0,832.0,3
1578,2017-04-04,1657,343,4,-75.0,836.0,4
1577,2017-04-05,1658,344,4,-77.0,835.0,5
1579,2017-04-06,1659,345,4,-77.0,832.0,6
1581,2017-04-07,1660,345,4,-74.0,832.0,7
1580,2017-04-08,1661,346,4,-75.0,831.0,8
1583,2017-04-09,1662,346,4,-75.0,831.0,9
1584,2017-04-10,1663,347,4,-74.0,832.0,10
1586,2017-04-11,1664,347,4,-74.0,832.0,11
1585,2017-04-12,1665,348,4,-76.0,833.0,12
1582,2017-04-13,1666,348,4,-76.0,834.0,13
1588,2017-04-14,1667,349,4,-76.0,833.0,14
1587,2017-04-15,1668,349,4,-77.0,831.0,15
1589,2017-04-16,1669,350,4,-74.0,833.0,16
1590,2017-04-18,1670,350,4,-76.0,834.0,18
1591,2017-04-19,1671,351,4,-76.0,832.0,19
1592,2017-04-20,1672,351,4,-74.0,833.0,20
1594,2017-04-21,1673,352,4,-75.0,836.0,21
1593,2017-04-22,1674,352,4,-75.0,835.0,22
1595,2017-04-23,1675,353,4,-75.0,835.0,23
1596,2017-04-24,1676,354,4,-76.0,837.0,24
1597,2017-04-25,1677,354,4,-74.0,835.0,25
1598,2017-04-26,1678,355,4,-74.0,836.0,26
1599,2017-04-27,1679,355,4,-75.0,836.0,27
1601,2017-04-28,1680,356,4,-74.0,835.0,28
1602,2017-04-29,1681,356,4,-74.0,837.0,29
1603,2017-04-30,1682,357,4,-76.0,839.0,30
1600,2017-05-01,1683,357,5,-75.0,837.0,1
1604,2017-05-02,1684,358,5,-75.0,837.0,2
1605,2017-05-03,1685,358,5,-77.0,838.0,3
1607,2017-05-04,1686,359,5,-75.0,838.0,4
1608,2017-05-05,1687,359,5,-75.0,838.0,5
1606,2017-05-06,1688,0,5,-76.0,840.0,6
1610,2017-05-07,1689,0,5,-75.0,840.0,7
1609,2017-05-08,1690,1,5,-76.0,840.0,8
1614,2017-05-10,1692,2,5,-62.0,820.0,10
1612,2017-05-11,1693,2,5,-76.0,840.0,11
1613,2017-05-12,1694,3,5,-76.0,840.0,12
1611,2017-05-13,1695,3,5,-77.0,840.0,13
1615,2017-05-14,1696,4,5,-75.0,841.0,14
1616,2017-05-15,1697,4,5,-77.0,841.0,15
1618,2017-05-16,1698,5,5,-77.0,842.0,16
1617,2017-05-17,1699,5,5,-76.0,843.0,17
1619,2017-05-18,1700,6,5,-76.0,842.0,18
1620,2017-05-19,1701,6,5,-76.0,841.0,19
1621,2017-05-20,1702,7,5,-75.0,842.0,20
1622,2017-05-21,1703,7,5,-76.0,843.0,21
1625,2017-05-22,1704,8,5,-77.0,844.0,22
1623,2017-05-23,1705,8,5,-76.0,845.0,23
1624,2017-05-24,1706,9,5,-77.0,845.0,24
1627,2017-05-26,1707,9,5,-77.0,846.0,26
1626,2017-05-27,1708,10,5,-76.0,846.0,27
1628,2017-05-28,1709,10,5,-76.0,847.0,28
1629,2017-05-29,1710,11,5,-76.0,848.0,29
1631,2017-05-30,1711,11,5,-75.0,848.0,30
1630,2017-05-31,1712,12,5,-77.0,849.0,31
1635,2017-06-01,1713,12,6,-75.0,850.0,1
1633,2017-06-02,1714,13,6,-77.0,849.0,2
1634,2017-06-03,1715,13,6,-77.0,851.0,3
1632,2017-06-04,1716,14,6,-76.0,850.0,4
1636,2017-06-05,1717,14,6,-76.0,851.0,5
1637,2017-06-06,1718,15,6,-77.0,852.0,6
1639,2017-06-07,1719,15,6,-77.0,853.0,7
1638,2017-06-08,1720,16,6,-76.0,853.0,8
1641,2017-06-09,1721,16,6,-76.0,852.0,9
1640,2017-06-10,1722,17,6,-77.0,854.0,10
1642,2017-06-11,1723,17,6,-76.0,854.0,11
1643,2017-06-12,1724,18,6,-77.0,856.0,12
1644,2017-06-13,1725,18,6,-79.0,857.0,13
1645,2017-06-14,1726,19,6,-76.0,855.0,14
1647,2017-06-15,1727,19,6,-75.0,855.0,15
1648,2017-06-16,1728,20,6,-76.0,855.0,16
1646,2017-06-17,1729,20,6,-76.0,858.0,17
1650,2017-06-18,1730,21,6,-77.0,858.0,18
1649,2017-06-19,1731,21,6,-78.0,857.0,19
1651,2017-06-20,1732,22,6,-78.0,858.0,20
1652,2017-06-21,1733,22,6,-77.0,859.0,21
1655,2017-06-22,1734,23,6,-78.0,859.0,22
1653,2017-06-23,1735,23,6,-78.0,861.0,23
1654,2017-06-24,1736,23,6,-77.0,860.0,24
1656,2017-06-25,1737,24,6,-78.0,861.0,25
1657,2017-06-26,1738,24,6,-78.0,861.0,26
1658,2017-06-27,1739,25,6,-77.0,861.0,27
1662,2017-06-28,1740,25,6,-78.0,861.0,28
1659,2017-06-29,1741,26,6,-78.0,863.0,29
1661,2017-06-30,1742,26,6,-77.0,865.0,30
1660,2017-07-02,1743,27,7,-78.0,863.0,2
1663,2017-07-03,1744,27,7,-78.0,863.0,3
1664,2017-07-04,1745,28,7,-78.0,865.0,4
1665,2017-07-05,1746,28,7,-76.0,866.0,5
1666,2017-07-06,1747,29,7,-79.0,866.0,6
1668,2017-07-07,1748,29,7,-79.0,867.0,7
1667,2017-07-08,1749,30,7,-76.0,867.0,8
1669,2017-07-09,1750,30,7,-77.0,867.0,9
1670,2017-07-10,1751,31,7,-78.0,867.0,10
1671,2017-07-11,1752,31,7,-80.0,867.0,11
1672,2017-07-12,1753,32,7,-76.0,868.0,12
1673,2017-07-13,1754,32,7,-78.0,870.0,13
1674,2017-07-14,1755,32,7,-77.0,870.0,14
1675,2017-07-15,1756,33,7,-78.0,871.0,15
1676,2017-07-16,1757,33,7,-78.0,871.0,16
1677,2017-07-17,1758,34,7,-78.0,871.0,17
1678,2017-07-18,1759,34,7,-77.0,871.0,18
1679,2017-07-19,1760,35,7,-78.0,872.0,19
1684,2017-07-20,1761,35,7,-77.0,872.0,20
1687,2017-07-21,1762,36,7,-77.0,872.0,21
1680,2017-07-22,1763,36,7,-78.0,873.0,22
1682,2017-07-23,1764,37,7,-79.0,872.0,23
1690,2017-07-24,1765,37,7,-77.0,873.0,24
1688,2017-07-25,1766,38,7,-79.0,873.0,25
1691,2017-07-26,1767,38,7,-77.0,874.0,26
1683,2017-07-27,1768,39,7,-78.0,875.0,27
1689,2017-07-28,1769,39,7,-76.0,875.0,28
1686,2017-07-29,1770,39,7,-79.0,875.0,29
1692,2017-07-30,1771,40,7,-79.0,876.0,30
1681,2017-07-31,1772,40,7,-78.0,876.0,31
1685,2017-08-01,1773,41,8,-78.0,876.0,1
1693,2017-08-02,1774,41,8,-79.0,877.0,2
1694,2017-08-03,1775,42,8,-80.0,877.0,3
1696,2017-08-04,1776,42,8,-79.0,877.0,4
1695,2017-08-05,1777,43,8,-79.0,877.0,5
1697,2017-08-06,1778,43,8,-81.0,877.0,6
1698,2017-08-07,1779,44,8,-78.0,878.0,7
1699,2017-08-09,1780,44,8,-77.0,879.0,9
1700,2017-08-10,1781,45,8,-78.0,879.0,10
1701,2017-08-11,1782,45,8,-78.0,878.0,11
1703,2017-08-12,1783,45,8,-79.0,879.0,12
1702,2017-08-13,1784,46,8,-80.0,883.0,13
1704,2017-08-14,1785,46,8,-77.0,881.0,14
1705,2017-08-16,1787,47,8,-79.0,881.0,16
1706,2017-08-17,1788,48,8,-79.0,881.0,17
1708,2017-08-18,1789,48,8,-79.0,881.0,18
1707,2017-08-19,1790,49,8,-81.0,882.0,19
1709,2017-08-20,1791,49,8,-79.0,882.0,20
1710,2017-08-21,1792,50,8,-80.0,883.0,21
1711,2017-08-22,1793,50,8,-80.0,883.0,22
1712,2017-08-23,1794,50,8,-80.0,883.0,23
1714,2017-08-24,1795,51,8,-81.0,882.0,24
1715,2017-08-25,1796,51,8,-80.0,883.0,25
1713,2017-08-26,1797,52,8,-79.0,884.0,26
1716,2017-08-27,1798,52,8,-79.0,883.0,27
1717,2017-08-28,1799,53,8,-78.0,883.0,28
1718,2017-08-29,1800,53,8,-80.0,883.0,29
1719,2017-08-30,1801,54,8,-80.0,882.0,30
1722,2017-08-31,1802,54,8,-79.0,882.0,31
1723,2017-09-01,1803,55,9,-78.0,882.0,1
1720,2017-09-02,1804,55,9,-78.0,883.0,2
1721,2017-09-03,1805,55,9,-78.0,883.0,3
1724,2017-09-04,1806,56,9,-80.0,884.0,4
1725,2017-09-05,1807,56,9,-78.0,884.0,5
1726,2017-09-06,1808,57,9,-79.0,884.0,6
1728,2017-09-07,1809,57,9,-80.0,884.0,7
1729,2017-09-08,1810,58,9,-78.0,883.0,8
1727,2017-09-09,1811,58,9,-79.0,882.0,9
1730,2017-09-10,1812,59,9,-79.0,882.0,10
1731,2017-09-11,1813,59,9,-80.0,881.0,11
1732,2017-09-12,1814,59,9,-80.0,881.0,12
1733,2017-09-13,1815,60,9,-81.0,881.0,13
1734,2017-09-15,1816,60,9,-82.0,882.0,15
1735,2017-09-16,1817,61,9,-80.0,882.0,16
1736,2017-09-17,1818,61,9,-81.0,881.0,17
1737,2017-09-18,1819,62,9,-82.0,880.0,18
1738,2017-09-19,1820,62,9,-79.0,881.0,19
1740,2017-09-20,1821,63,9,-81.0,882.0,20
1739,2017-09-21,1822,63,9,-78.0,881.0,21
1743,2017-09-22,1823,64,9,-80.0,879.0,22
1742,2017-09-23,1824,64,9,-80.0,879.0,23
1741,2017-09-24,1825,64,9,-80.0,878.0,24
1744,2017-09-25,1826,65,9,-80.0,878.0,25
1745,2017-09-26,1827,65,9,-80.0,879.0,26
1746,2017-09-27,1828,66,9,-80.0,878.0,27
1749,2017-09-28,1829,66,9,-78.0,877.0,28
1748,2017-09-29,1830,67,9,-80.0,877.0,29
1747,2017-09-30,1831,67,9,-80.0,876.0,30
1750,2017-10-01,1832,68,10,-84.0,875.0,1
1751,2017-10-02,1833,68,10,-81.0,875.0,2
1752,2017-10-03,1834,68,10,-80.0,875.0,3
1753,2017-10-04,1835,69,10,-80.0,873.0,4
1755,2017-10-05,1836,69,10,-81.0,873.0,5
1756,2017-10-06,1837,70,10,-81.0,872.0,6
1754,2017-10-07,1838,70,10,-79.0,872.0,7
1757,2017-10-08,1839,71,10,-80.0,872.0,8
1758,2017-10-09,1840,71,10,-77.0,871.0,9
1759,2017-10-10,1841,72,10,-77.0,870.0,10
1761,2017-10-11,1842,72,10,-79.0,869.0,11
1760,2017-10-12,1843,72,10,-80.0,869.0,12
1762,2017-10-13,1844,73,10,-81.0,869.0,13
1763,2017-10-14,1845,73,10,-80.0,868.0,14
1765,2017-10-15,1846,74,10,-80.0,868.0,15
1764,2017-10-16,1847,74,10,-80.0,866.0,16
1766,2017-10-17,1848,75,10,-80.0,865.0,17
1770,2017-10-18,1849,75,10,-80.0,864.0,18
1768,2017-10-19,1850,76,10,-80.0,864.0,19
1767,2017-10-20,1851,76,10,-87.0,864.0,20
1769,2017-10-22,1852,77,10,-80.0,863.0,22
1771,2017-10-23,1853,77,10,-80.0,862.0,23
1772,2017-10-24,1854,77,10,-80.0,861.0,24
1773,2017-10-25,1855,78,10,-78.0,861.0,25
1774,2017-10-26,1856,78,10,-80.0,859.0,26
1776,2017-10-27,1857,79,10,-80.0,858.0,27
1775,2017-10-28,1858,79,10,-81.0,857.0,28
1779,2017-10-29,1859,80,10,-79.0,857.0,29
1778,2017-10-30,1860,80,10,-80.0,857.0,30
1780,2017-10-31,1861,81,10,-79.0,855.0,31
1777,2017-11-01,1862,81,11,-81.0,854.0,1
1781,2017-11-02,1863,81,11,-80.0,853.0,2
1782,2017-11-03,1864,82,11,-82.0,852.0,3
1783,2017-11-04,1865,82,11,-80.0,852.0,4
1785,2017-11-05,1866,83,11,-80.0,850.0,5
1784,2017-11-06,1867,83,11,-78.0,848.0,6
1786,2017-11-07,1868,84,11,-80.0,848.0,7
1787,2017-11-08,1869,84,11,-81.0,846.0,8
1788,2017-11-09,1870,85,11,-81.0,845.0,9
1789,2017-11-10,1871,85,11,-80.0,844.0,10
1791,2017-11-11,1872,86,11,-79.0,843.0,11
1790,2017-11-12,1873,86,11,-79.0,842.0,12
1792,2017-11-13,1874,86,11,-80.0,840.0,13
1793,2017-11-14,1875,87,11,-79.0,839.0,14
1794,2017-11-15,1876,87,11,-79.0,838.0,15
1797,2017-11-16,1877,88,11,-79.0,837.0,16
1795,2017-11-17,1878,88,11,-79.0,835.0,17
1796,2017-11-18,1879,89,11,-79.0,834.0,18
1798,2017-11-19,1880,89,11,-79.0,833.0,19
1803,2017-11-20,1881,90,11,-79.0,832.0,20
1801,2017-11-21,1882,90,11,-78.0,831.0,21
1800,2017-11-22,1883,91,11,-78.0,830.0,22
1799,2017-11-23,1884,91,11,-79.0,829.0,23
1804,2017-11-24,1885,91,11,-79.0,827.0,24
1805,2017-11-25,1886,92,11,-79.0,826.0,25
1802,2017-11-26,1887,92,11,-79.0,824.0,26
1807,2017-11-27,1888,93,11,-79.0,823.0,27
1806,2017-11-29,1889,93,11,-80.0,822.0,29
1808,2017-11-30,1890,94,11,-79.0,821.0,30
1810,2017-12-01,1891,94,12,-80.0,819.0,1
1809,2017-12-02,1892,95,12,-81.0,817.0,2
1812,2017-12-03,1893,95,12,-79.0,816.0,3
1811,2017-12-04,1894,96,12,-79.0,815.0,4
1814,2017-12-05,1895,96,12,-78.0,814.0,5
1813,2017-12-06,1896,96,12,-79.0,812.0,6
1817,2017-12-07,1897,97,12,-80.0,811.0,7
1816,2017-12-08,1898,97,12,-81.0,810.0,8
1815,2017-12-09,1899,98,12,-81.0,808.0,9
1818,2017-12-10,1900,98,12,-81.0,807.0,10
1819,2017-12-11,1901,99,12,-81.0,806.0,11
1820,2017-12-12,1902,99,12,-79.0,804.0,12
1821,2017-12-13,1903,100,12,-78.0,803.0,13
1822,2017-12-14,1904,100,12,-79.0,801.0,14
1823,2017-12-15,1905,101,12,-80.0,800.0,15
1824,2017-12-16,1906,101,12,-79.0,799.0,16
1825,2017-12-17,1907,101,12,-79.0,798.0,17
1826,2017-12-18,1908,102,12,-79.0,796.0,18
1827,2017-12-19,1909,102,12,-80.0,795.0,19
1828,2017-12-20,1910,103,12,-80.0,794.0,20
1833,2017-12-21,1911,103,12,-79.0,792.0,21
1832,2017-12-22,1912,104,12,-80.0,791.0,22
1830,2017-12-23,1913,104,12,-79.0,791.0,23
1834,2017-12-24,1914,105,12,-78.0,790.0,24
1835,2017-12-25,1915,105,12,-78.0,788.0,25
1829,2017-12-26,1916,106,12,-79.0,787.0,26
1831,2017-12-27,1917,106,12,-80.0,786.0,27
1839,2017-12-28,1918,107,12,-77.0,784.0,28
1836,2017-12-29,1919,107,12,-77.0,783.0,29
1837,2017-12-30,1920,108,12,-77.0,782.0,30
1838,2017-12-31,1921,108,12,-78.0,781.0,31
1840,2018-01-01,1922,108,1,-79.0,780.0,1
1842,2018-01-02,1923,109,1,-77.0,778.0,2
1841,2018-01-03,1924,109,1,-78.0,777.0,3
1844,2018-01-05,1925,110,1,-79.0,777.0,5
1843,2018-01-06,1926,110,1,-80.0,775.0,6
1845,2018-01-07,1927,111,1,-79.0,774.0,7
1847,2018-01-08,1928,111,1,-78.0,773.0,8
1846,2018-01-09,1929,112,1,-79.0,771.0,9
1848,2018-01-10,1930,112,1,-79.0,770.0,10
1849,2018-01-11,1931,113,1,-79.0,770.0,11
1850,2018-01-12,1932,113,1,-79.0,768.0,12
1852,2018-01-13,1933,114,1,-78.0,767.0,13
1851,2018-01-14,1934,114,1,-79.0,766.0,14
1853,2018-01-15,1935,115,1,-80.0,765.0,15
1855,2018-01-16,1936,115,1,-79.0,764.0,16
1854,2018-01-17,1937,116,1,-80.0,763.0,17
1859,2018-01-18,1938,116,1,-78.0,762.0,18
1857,2018-01-19,1939,116,1,-78.0,760.0,19
1858,2018-01-20,1940,117,1,-77.0,759.0,20
1856,2018-01-21,1941,117,1,-77.0,758.0,21
1860,2018-01-22,1942,118,1,-78.0,757.0,22
1863,2018-01-23,1943,118,1,-78.0,756.0,23
1861,2018-01-24,1944,119,1,-80.0,755.0,24
1862,2018-01-25,1945,119,1,-78.0,754.0,25
1864,2018-01-26,1946,120,1,-79.0,753.0,26
1865,2018-01-27,1947,120,1,-78.0,751.0,27
1866,2018-01-28,1948,121,1,-78.0,752.0,28
1867,2018-01-29,1949,121,1,-78.0,751.0,29
1868,2018-01-30,1950,122,1,-79.0,750.0,30
1869,2018-01-31,1951,122,1,-77.0,749.0,31
1871,2018-02-01,1952,123,2,-80.0,748.0,1
1870,2018-02-02,1953,123,2,-78.0,747.0,2
1872,2018-02-03,1954,124,2,-77.0,745.0,3
1873,2018-02-04,1955,124,2,-77.0,745.0,4
1879,2018-02-05,1956,125,2,-79.0,744.0,5
1875,2018-02-06,1957,125,2,-77.0,742.0,6
1874,2018-02-07,1958,126,2,-77.0,741.0,7
1878,2018-02-08,1959,126,2,-78.0,740.0,8
1876,2018-02-09,1960,127,2,-78.0,740.0,9
1877,2018-02-11,1961,127,2,-77.0,740.0,11
1880,2018-02-12,1962,128,2,-78.0,738.0,12
1881,2018-02-13,1963,128,2,-77.0,737.0,13
1882,2018-02-14,1964,129,2,-76.0,736.0,14
1883,2018-02-15,1965,129,2,-76.0,735.0,15
1884,2018-02-16,1966,130,2,-77.0,735.0,16
1885,2018-02-17,1967,130,2,-76.0,734.0,17
1886,2018-02-18,1968,131,2,-76.0,732.0,18
1887,2018-02-19,1969,131,2,-76.0,732.0,19
1888,2018-02-20,1970,132,2,-77.0,731.0,20
1890,2018-02-21,1971,132,2,-78.0,731.0,21
1891,2018-02-22,1972,133,2,-78.0,730.0,22
1889,2018-02-23,1973,133,2,-78.0,730.0,23
1892,2018-02-24,1974,134,2,-77.0,729.0,24
1894,2018-02-25,1975,134,2,-76.0,729.0,25
1893,2018-02-26,1976,135,2,-77.0,728.0,26
1895,2018-02-27,1977,135,2,-77.0,727.0,27
